Age,BusinessTravel,DailyRate,Department,DistanceFromHome,Education,EducationField,EmployeeCount,EmployeeNumber,EnvironmentSatisfaction,Gender,HourlyRate,JobInvolvement,JobLevel,JobRole,JobSatisfaction,MaritalStatus,MonthlyIncome,MonthlyRate,NumCompaniesWorked,Over18,OverTime,PercentSalaryHike,PerformanceRating,RelationshipSatisfaction,StandardHours,StockOptionLevel,TotalWorkingYears,TrainingTimesLastYear,WorkLifeBalance,YearsAtCompany,YearsInCurrentRole,YearsSinceLastPromotion,YearsWithCurrManager,Actual_Attrition,Predicted_Attrition,Attrition_Probability
28,2,866,2,5,3,3,1,1469,4,1,84,3,2,7,1,2,8463,23490,0,0,0,18,3,4,80,0,6,4,3,5,4,1,3,No,Yes,0.537660195717263
53,2,1084,1,13,2,3,1,250,4,0,57,4,2,4,1,0,4450,26250,1,0,0,11,3,3,80,2,5,3,3,4,2,1,3,No,No,0.29011403323639023
24,2,240,0,22,1,0,1,1714,4,1,58,1,1,1,3,1,1555,11585,1,0,0,11,3,3,80,1,1,2,3,1,0,0,0,Yes,No,0.4563296230377238
45,2,1339,1,7,3,1,1,86,2,1,59,3,3,6,1,0,9724,18787,2,0,0,17,3,3,80,1,25,2,3,1,0,0,0,No,No,0.4737802529117561
36,2,1396,1,5,2,1,1,304,4,1,62,3,2,2,2,2,5914,9945,8,0,0,16,3,4,80,0,16,3,4,13,11,3,7,No,No,0.4782129187835169
34,2,204,2,14,3,5,1,666,3,0,31,3,1,8,3,0,2579,2912,1,0,1,18,3,4,80,2,8,3,3,8,2,0,6,No,No,0.43004460512024917
35,2,144,1,22,3,1,1,577,4,1,46,1,1,2,3,2,4230,19225,0,0,0,15,3,3,80,0,6,2,3,5,4,4,3,No,Yes,0.5528972944450544
39,2,1431,1,1,4,3,1,332,3,0,96,3,1,2,3,0,2232,15417,7,0,0,14,3,3,80,3,7,1,3,3,2,1,2,No,No,0.38295318220912433
45,0,1052,2,6,3,3,1,302,4,0,57,2,3,7,4,2,8865,16840,6,0,0,12,3,4,80,0,23,2,3,19,7,12,8,No,Yes,0.6987157669361227
35,2,1229,1,8,1,1,1,63,4,1,36,4,1,2,4,1,2269,4892,1,0,0,19,3,4,80,0,1,2,3,1,0,0,1,No,No,0.3445040112402789
47,2,1454,2,2,4,1,1,925,4,0,65,2,1,8,4,2,3294,13137,1,0,1,18,3,1,80,0,3,3,2,3,2,1,2,No,Yes,0.6454788134746204
43,2,531,2,4,4,2,1,1293,4,0,56,2,3,7,4,2,10231,20364,3,0,0,14,3,4,80,0,23,3,4,21,7,15,17,No,Yes,0.5813121772021036
44,2,625,1,4,3,3,1,852,4,1,50,3,2,0,2,2,5933,5197,9,0,0,12,3,4,80,0,10,2,2,5,2,2,3,No,Yes,0.6586541786127095
40,2,1171,1,10,4,1,1,483,4,0,46,4,1,2,3,1,2213,22495,3,0,1,13,3,3,80,1,10,3,3,7,7,1,7,No,No,0.3468799667964241
22,2,581,1,1,2,1,1,2007,4,1,63,3,1,6,3,2,3375,17624,0,0,0,12,3,4,80,0,4,2,4,3,2,1,2,No,No,0.4826606922831356
30,1,1312,1,2,4,5,1,1745,4,0,78,2,1,6,1,2,4968,26427,0,0,0,16,3,4,80,0,10,2,3,9,7,0,7,No,Yes,0.5097116605669929
29,1,461,1,1,3,1,1,1753,4,1,70,4,2,0,3,2,6294,23060,8,0,1,12,3,4,80,0,10,5,4,3,2,0,2,No,Yes,0.5539864208476802
36,2,885,1,16,4,1,1,1042,3,0,43,4,1,2,1,2,2743,8269,1,0,0,16,3,3,80,0,18,1,3,17,13,15,14,Yes,Yes,0.5333057300820325
47,0,666,1,29,4,1,1,376,1,1,88,3,3,3,2,1,11849,10268,1,0,1,12,3,4,80,1,10,2,2,10,7,9,9,Yes,Yes,0.6160541332566521
34,1,829,1,15,3,3,1,1485,2,1,71,3,4,5,1,0,17007,11929,7,0,0,14,3,4,80,2,16,3,2,14,8,6,9,No,Yes,0.5045058724527761
31,1,307,1,29,2,3,1,355,3,1,71,2,1,2,2,2,3479,11652,0,0,0,11,3,2,80,0,6,2,4,5,4,1,4,Yes,Yes,0.5323935252569534
47,2,983,1,2,2,3,1,574,1,0,65,3,2,4,4,0,5070,7389,5,0,0,13,3,3,80,3,20,2,3,5,0,0,4,No,No,0.3381018236668741
32,2,601,2,7,5,2,1,1446,4,1,97,3,2,7,4,1,9204,23343,4,0,0,12,3,3,80,1,7,3,2,4,3,0,3,No,No,0.4582309795941244
38,2,322,2,7,2,3,1,382,1,0,44,4,2,7,1,0,5605,19191,1,0,1,24,4,3,80,1,8,3,3,8,0,7,7,No,Yes,0.6362577227126613
33,2,1242,2,8,4,1,1,1560,1,1,46,3,2,7,1,1,6392,10589,2,0,0,13,3,4,80,1,8,6,1,2,2,2,2,No,Yes,0.5880061674467332
55,2,685,2,26,5,2,1,1578,3,1,60,2,5,3,4,1,19586,23037,1,0,0,21,4,3,80,1,36,3,3,36,6,2,13,No,No,0.34358126625955804
27,2,618,1,4,3,1,1,933,2,0,76,3,1,6,3,2,2318,17808,1,0,0,19,3,3,80,0,1,2,3,1,1,0,0,No,Yes,0.5700139429989136
33,2,586,2,1,3,3,1,855,1,1,48,4,2,7,1,0,4037,21816,1,0,0,22,4,1,80,1,9,5,3,9,8,0,8,No,No,0.3342403874443222
44,2,1467,1,20,3,1,1,1475,4,1,49,3,1,6,2,2,3420,21158,1,0,0,13,3,3,80,0,6,3,2,5,2,1,3,No,Yes,0.5462575353417276
34,2,470,1,2,4,1,1,339,4,1,84,2,2,4,1,1,5957,23687,6,0,0,13,3,2,80,1,13,3,3,11,9,5,9,No,Yes,0.5146093670213501
30,2,305,1,16,3,1,1,1763,3,1,58,4,2,0,3,1,5294,9128,3,0,0,16,3,3,80,1,10,3,3,7,0,1,7,No,No,0.35647958716842887
26,2,1066,1,2,2,3,1,1018,4,1,32,4,2,4,4,1,5472,3334,1,0,0,12,3,2,80,0,8,2,3,8,7,1,3,No,No,0.3380767628382454
40,1,791,1,2,2,3,1,807,3,0,38,4,2,0,2,1,4244,9931,1,0,0,24,4,4,80,1,8,2,3,8,7,3,7,No,No,0.2858437519915267
37,2,799,1,1,3,5,1,623,2,0,59,3,3,4,4,2,7491,23848,4,0,0,17,3,4,80,0,12,3,4,6,5,1,2,No,No,0.4910896683076411
36,2,1456,2,13,5,2,1,1733,2,1,96,2,2,7,1,0,6134,8658,5,0,1,13,3,2,80,3,16,3,3,2,2,2,2,Yes,Yes,0.6330437851080347
35,2,882,2,3,4,1,1,984,4,1,92,3,3,7,4,0,7823,6812,6,0,0,13,3,2,80,1,12,2,3,10,9,0,8,No,No,0.32316467746149563
40,0,218,1,8,1,3,1,1468,4,1,55,2,3,5,2,0,13757,25178,2,0,0,11,3,3,80,1,16,5,3,9,8,4,8,No,No,0.32008626883175045
41,0,906,1,5,2,1,1,1210,1,1,95,2,1,6,1,0,2107,20293,6,0,0,17,3,1,80,1,5,2,1,1,0,0,0,Yes,Yes,0.6918996572341691
28,2,1434,1,5,4,5,1,65,3,1,50,3,1,2,3,2,3441,11179,1,0,1,13,3,3,80,0,2,3,2,2,2,2,2,Yes,Yes,0.6553409181813414
28,2,1217,1,1,3,3,1,1834,3,0,67,3,1,6,1,1,3591,12719,1,0,0,25,4,3,80,1,3,3,3,3,2,1,2,No,No,0.4850323639784122
38,2,702,2,1,4,1,1,230,1,0,59,2,2,7,4,2,8686,12930,4,0,0,22,4,3,80,0,12,2,4,8,3,0,7,No,Yes,0.5743375680687243
40,2,1342,2,9,2,3,1,1548,1,1,47,3,2,7,1,1,5473,19345,0,0,0,12,3,4,80,0,9,5,4,8,4,7,1,No,Yes,0.6260115124033676
32,0,1200,1,1,4,5,1,1574,4,1,62,3,2,6,1,1,4087,25174,4,0,0,14,3,2,80,1,9,3,2,6,5,1,2,No,Yes,0.5449510832503932
38,1,1186,1,3,4,4,1,1060,3,1,44,3,1,6,3,1,2821,2997,3,0,0,16,3,1,80,1,8,2,3,2,2,2,2,No,Yes,0.5142382347217391
33,2,350,2,5,3,2,1,485,4,0,34,3,1,8,3,2,2851,9150,1,0,1,13,3,2,80,0,1,2,3,1,0,0,0,Yes,Yes,0.6758386436017246
38,0,1327,2,2,2,1,1,361,4,1,39,2,2,7,4,1,5249,19682,3,0,0,18,3,4,80,1,13,0,3,8,7,7,5,No,No,0.49983099862327734
40,2,299,2,25,4,2,1,1318,4,1,57,2,3,7,2,2,9094,17235,2,0,1,12,3,3,80,0,9,2,3,5,4,1,0,Yes,Yes,0.7227629310255396
33,2,118,2,16,3,2,1,819,1,0,69,3,2,7,1,2,5324,26507,5,0,0,15,3,3,80,0,6,3,3,3,2,0,2,Yes,Yes,0.7169188851092593
50,1,562,2,8,2,5,1,723,2,1,50,3,2,7,3,1,6796,23452,3,0,1,14,3,1,80,1,18,4,3,4,3,1,3,Yes,Yes,0.5851189297090531
19,0,504,1,10,3,3,1,1248,1,0,96,2,1,6,2,2,1859,6148,1,0,1,25,4,2,80,0,1,2,4,1,1,0,0,Yes,Yes,0.7497089844857671
46,2,1009,1,2,3,1,1,575,1,1,51,3,4,5,3,1,17861,2288,6,0,0,13,3,3,80,0,26,2,1,3,2,0,1,No,Yes,0.6141042500811671
31,2,691,1,5,4,5,1,423,3,1,86,3,1,6,4,1,4821,10077,0,0,1,12,3,3,80,1,6,4,3,5,2,0,3,No,No,0.47813966750540826
51,2,684,1,6,3,1,1,162,1,1,51,3,5,5,3,2,19537,6462,7,0,0,13,3,3,80,0,23,5,3,20,18,15,15,No,Yes,0.5461727674226304
34,2,507,2,15,2,3,1,1356,3,0,66,3,2,7,1,2,6125,23553,1,0,0,12,3,4,80,0,10,6,4,10,8,9,6,No,Yes,0.5742210369206421
29,2,1082,1,9,4,3,1,1709,4,0,43,3,1,2,3,1,2974,25412,9,0,0,17,3,3,80,1,9,2,3,5,3,1,2,No,Yes,0.5229993886752801
32,1,1316,1,2,2,1,1,1235,4,0,38,3,2,6,3,2,4998,2338,4,0,1,14,3,4,80,0,10,2,3,8,7,0,7,No,Yes,0.5346462510128052
40,2,905,1,19,2,3,1,281,3,1,99,3,2,2,4,1,2741,16523,8,0,1,15,3,3,80,1,15,2,4,7,2,3,7,No,Yes,0.5759456219475635
33,1,1303,1,7,2,1,1,1970,4,1,36,3,2,0,3,0,5968,18079,1,0,0,20,4,3,80,3,9,2,3,9,7,2,8,No,No,0.16826672397260148
34,2,970,1,8,2,3,1,757,2,0,96,3,2,0,3,2,6142,7360,3,0,0,11,3,4,80,0,10,2,3,5,1,4,3,No,Yes,0.593831954532485
39,1,711,1,4,3,3,1,1633,1,0,81,3,2,4,3,2,5042,3140,0,0,0,13,3,4,80,0,10,2,1,9,2,3,8,No,Yes,0.5792255753260495
45,2,176,0,4,3,1,1,1744,3,0,56,1,3,1,3,1,9756,6595,4,0,0,21,4,3,80,2,9,2,4,5,0,0,3,No,No,0.398144098792005
21,2,1334,1,10,3,1,1,1079,3,0,36,2,1,2,1,2,1416,17258,1,0,0,13,3,1,80,0,1,6,2,1,0,1,0,Yes,Yes,0.6173585856000545
31,1,1445,1,1,5,1,1,1459,3,0,100,4,3,4,2,2,7446,8931,1,0,0,11,3,1,80,0,10,2,3,10,8,4,7,Yes,No,0.4689913045441239
50,2,691,1,2,3,3,1,815,3,1,64,3,4,5,3,1,17639,6881,5,0,0,16,3,4,80,0,30,3,3,4,3,0,3,No,No,0.4525703632499853
37,2,1141,1,11,2,3,1,1033,1,0,61,1,2,0,2,1,4777,14382,5,0,0,15,3,1,80,0,15,2,1,1,0,0,0,Yes,Yes,0.712849835946881
35,2,556,1,23,2,1,1,261,2,1,50,2,2,4,3,1,5916,15497,3,0,1,13,3,1,80,0,8,1,3,1,0,0,1,Yes,Yes,0.6985591018623796
27,2,1130,2,8,4,2,1,458,2,0,56,3,2,7,2,1,6214,3415,1,0,0,18,3,1,80,1,8,3,3,8,7,0,7,No,No,0.4146987257171859
37,2,783,1,7,4,3,1,1885,4,1,78,3,2,6,1,1,4284,13588,5,0,1,22,4,3,80,1,16,2,3,5,3,0,4,No,Yes,0.6087114102263429
28,2,1117,1,8,2,1,1,395,4,0,66,3,1,6,4,2,3310,4488,1,0,0,21,4,4,80,0,5,3,3,5,3,0,2,No,No,0.42453629120764624
40,2,898,0,6,2,3,1,1550,3,1,38,3,4,3,4,2,16437,17381,1,0,1,21,4,4,80,0,21,2,3,21,7,7,7,No,Yes,0.5608597346193203
36,2,335,2,17,2,2,1,1908,3,1,33,2,2,7,2,1,5507,16822,2,0,0,16,3,3,80,2,12,1,1,4,2,1,3,No,Yes,0.5590645361205011
46,2,705,2,2,4,2,1,38,2,0,83,3,5,3,1,2,18947,22822,3,0,0,12,3,4,80,0,22,2,2,2,2,2,1,No,Yes,0.6492335680598674
37,2,558,2,2,3,2,1,656,4,1,75,3,2,7,3,1,9602,3010,4,0,1,11,3,3,80,1,17,3,2,3,0,1,0,No,Yes,0.6393271335394282
35,2,776,2,1,4,2,1,100,3,1,32,2,2,7,1,2,4312,23016,0,0,0,14,3,2,80,0,16,2,3,15,13,2,8,No,Yes,0.5171201427744598
29,2,1329,1,7,3,1,1,1260,3,1,82,3,2,0,4,0,6623,4204,1,0,1,11,3,2,80,2,6,2,3,6,0,1,0,No,No,0.4116458041391217
55,2,836,1,8,3,3,1,84,4,0,33,3,4,3,3,0,14756,19730,2,0,1,14,3,3,80,3,21,2,3,5,0,0,2,No,No,0.3253313273103084
34,1,426,1,10,4,1,1,1615,3,1,42,4,2,4,4,0,4724,17000,1,0,0,13,3,1,80,1,9,3,3,9,7,7,2,No,No,0.3378867745538437
34,2,1111,2,8,2,1,1,808,3,0,93,3,2,7,1,1,6500,13305,5,0,0,17,3,2,80,1,6,1,3,3,2,1,2,No,Yes,0.6139196716728705
36,2,363,1,1,3,5,1,1237,3,0,77,1,3,4,1,0,10252,4235,2,0,1,21,4,3,80,1,17,2,3,7,7,7,7,No,Yes,0.6086857060539439
30,2,634,1,17,4,3,1,1321,2,0,95,3,3,3,1,1,11916,25927,1,0,1,23,4,4,80,2,9,2,3,9,1,0,8,No,Yes,0.5082156493849792
53,2,1223,1,7,2,3,1,1201,4,0,50,3,5,3,3,0,18606,18640,3,0,0,18,3,2,80,1,26,6,3,7,7,4,7,No,No,0.2240227060980597
39,2,141,0,3,3,0,1,760,3,0,44,4,2,1,2,1,6389,18767,9,0,0,15,3,3,80,1,12,3,1,8,3,3,6,No,Yes,0.5021503681598145
58,2,605,2,21,3,1,1,1938,4,0,72,3,4,3,4,1,17875,11761,4,0,1,13,3,3,80,1,29,2,2,1,0,0,0,No,Yes,0.5040064182278792
25,2,622,2,13,1,3,1,645,2,1,40,3,1,8,3,1,2096,26376,1,0,0,11,3,3,80,0,7,1,3,7,4,0,6,No,Yes,0.5320114147748176
29,2,408,2,23,1,1,1,1165,4,0,45,2,3,7,1,1,7336,11162,1,0,0,13,3,1,80,1,11,3,1,11,8,3,10,Yes,No,0.4810163670690417
44,0,981,1,5,3,1,1,1471,3,1,90,2,1,2,3,2,3162,7973,3,0,0,14,3,4,80,0,7,5,3,5,2,0,3,No,No,0.49113880361762513
41,2,1206,2,23,2,1,1,1678,4,1,80,3,3,7,3,2,7082,11591,3,0,1,16,3,4,80,0,21,2,3,2,0,0,2,No,Yes,0.6517936773813839
44,2,1112,0,1,4,1,1,665,1,0,50,2,2,1,3,2,5985,26894,4,0,0,11,3,2,80,0,10,1,4,2,2,0,2,No,Yes,0.5754954974637837
32,2,638,1,8,2,3,1,865,3,0,91,4,2,6,3,1,5175,22162,5,0,0,12,3,3,80,1,9,3,2,5,3,1,3,No,No,0.47047217946074155
30,1,721,1,1,2,3,1,57,3,0,58,3,2,2,4,2,4011,10781,1,0,0,23,4,4,80,0,12,2,3,12,8,3,7,No,No,0.3817231916973201
37,2,1115,1,1,4,1,1,77,1,1,51,2,2,4,3,0,5993,2689,1,0,0,18,3,3,80,1,7,2,4,7,5,0,7,No,No,0.33934483619229916
21,2,391,1,15,2,1,1,30,3,1,96,3,1,6,4,2,1232,19281,1,0,0,14,3,4,80,0,0,6,3,0,0,0,0,No,No,0.47917648324419965
39,2,119,2,15,4,2,1,1975,2,1,77,3,4,7,1,2,13341,25098,0,0,0,12,3,1,80,0,21,3,3,20,8,11,10,No,Yes,0.6812284340642544
30,2,202,2,2,1,5,1,508,3,1,72,3,1,8,2,1,2476,17434,1,0,0,18,3,1,80,1,1,3,3,1,0,0,0,No,Yes,0.5556509700475175
37,2,1189,2,3,3,1,1,152,3,1,87,3,3,7,4,2,7428,14506,2,0,0,12,3,1,80,0,12,3,3,5,3,1,3,No,Yes,0.5267511987504357
31,2,1232,1,7,4,3,1,462,3,0,39,3,3,4,4,2,7143,25713,1,0,1,14,3,3,80,0,11,2,2,11,9,4,10,No,Yes,0.5167555120877828
29,2,1246,2,19,3,1,1,1497,3,1,77,2,2,7,3,0,8620,23757,1,0,0,14,3,3,80,2,10,3,3,10,7,0,4,No,No,0.3289548727698853
37,0,1063,1,25,5,3,1,529,2,0,72,3,2,6,3,1,4449,23866,3,0,1,15,3,1,80,2,15,2,3,13,11,10,7,No,Yes,0.5795427666582013
47,2,571,2,14,3,3,1,1503,3,0,78,3,2,7,3,1,4591,24200,3,0,1,17,3,3,80,1,11,4,2,5,4,1,2,No,Yes,0.5555166459154616
46,2,1125,2,10,3,2,1,580,3,0,94,2,3,7,4,1,9071,11563,2,0,1,19,3,3,80,1,15,3,3,3,2,1,2,No,Yes,0.5384146825501304
55,2,452,1,1,3,3,1,374,4,1,81,3,5,3,1,2,19045,18938,0,0,1,14,3,3,80,0,37,2,3,36,10,4,13,No,Yes,0.531392075644113
28,2,950,1,3,3,3,1,1121,4,0,93,3,3,4,2,0,7655,8039,0,0,0,17,3,2,80,3,10,3,2,9,7,1,7,No,No,0.2145357544738465
49,2,1184,2,11,3,2,1,840,3,0,43,3,3,7,4,1,7654,5860,1,0,0,18,3,1,80,2,9,3,4,9,8,7,7,Yes,No,0.3215165710414792
27,2,1291,2,11,3,3,1,1364,3,0,98,4,1,8,4,1,2534,6527,8,0,0,14,3,2,80,1,5,4,3,1,0,0,0,No,Yes,0.5549631931335252
48,2,1355,1,4,4,1,1,1024,3,1,78,2,3,0,3,2,10999,22245,7,0,0,14,3,2,80,0,27,3,3,15,11,4,8,No,Yes,0.500442879437252
38,2,770,2,10,4,2,1,1119,3,1,73,2,3,7,3,0,8740,5569,0,0,1,14,3,2,80,2,9,2,3,8,7,2,7,No,No,0.41558711582369495
46,0,1144,1,7,4,3,1,487,3,0,30,3,2,4,3,1,5258,16044,2,0,0,14,3,3,80,0,7,2,4,1,0,0,0,No,No,0.4667568103012379
32,1,1318,2,10,4,2,1,1853,4,1,79,3,2,7,4,2,4648,26075,8,0,0,13,3,3,80,0,4,2,4,0,0,0,0,No,Yes,0.6533041945954613
37,2,397,1,7,4,3,1,102,1,1,30,3,3,5,3,2,13664,25258,4,0,0,13,3,1,80,0,16,3,4,5,2,0,2,No,Yes,0.6026045721456614
45,2,252,1,1,3,4,1,336,3,1,70,4,5,3,4,1,19202,15970,0,0,0,11,3,3,80,1,25,2,3,24,0,1,7,No,No,0.3515327661063602
35,2,763,2,15,2,3,1,1645,1,1,59,1,2,7,4,0,5440,22098,6,0,1,14,3,4,80,2,7,2,2,2,2,2,2,Yes,Yes,0.6869416659404666
45,2,1015,1,5,5,3,1,1611,3,0,50,1,2,2,1,2,5769,23447,1,0,1,14,3,1,80,0,10,3,3,10,7,1,4,No,Yes,0.6630501771835986
31,0,1188,2,20,2,2,1,947,4,0,45,3,2,7,3,1,6932,24406,1,0,0,13,3,4,80,1,9,2,2,9,8,0,0,No,No,0.39949208239023704
30,2,1176,1,20,3,4,1,1084,3,1,85,3,2,4,1,1,9957,9096,0,0,0,15,3,3,80,1,7,1,2,6,2,0,2,No,Yes,0.5283975519225332
38,1,1490,1,2,2,1,1,556,4,1,42,3,1,2,4,1,1702,12106,1,0,1,23,4,3,80,1,1,3,3,1,0,0,0,No,No,0.42319609107752676
45,2,1316,1,29,3,3,1,192,3,1,83,3,1,6,4,2,3452,9752,5,0,0,13,3,2,80,0,9,2,2,6,5,0,3,No,Yes,0.5744719540629021
59,1,1225,2,1,1,1,1,91,1,0,57,2,2,7,3,2,5473,24668,7,0,0,11,3,4,80,0,20,2,2,4,3,1,3,No,Yes,0.6998041626477394
29,2,1389,1,21,4,1,1,20,2,0,51,4,3,4,1,0,9980,10195,1,0,0,11,3,3,80,1,10,1,3,10,9,8,8,No,No,0.41801784934766173
49,2,809,1,1,3,1,1,1677,3,1,36,3,4,3,3,2,15379,22384,4,0,0,14,3,1,80,0,23,2,3,8,7,0,0,No,No,0.48602586045774027
33,2,1099,1,4,4,3,1,1502,1,0,82,2,1,2,2,1,3838,8192,8,0,0,11,3,4,80,0,8,5,3,5,4,0,2,No,Yes,0.6228239238297163
56,2,1255,1,1,2,1,1,1441,1,0,90,3,1,6,1,1,2066,10494,2,0,0,22,4,4,80,1,5,3,4,3,2,1,0,No,No,0.4997434165487268
34,2,943,1,9,3,1,1,1344,4,1,86,3,3,0,4,0,8500,5494,0,0,0,11,3,4,80,1,10,0,2,9,7,1,6,No,No,0.23854870249048668
51,1,968,1,6,2,3,1,1297,2,0,40,2,1,2,3,2,2838,4257,0,0,0,14,3,2,80,0,8,6,2,7,0,7,7,No,Yes,0.5665467757568619
53,0,661,1,1,4,3,1,1775,1,0,60,2,4,4,3,1,12965,22308,4,0,1,20,4,4,80,3,27,2,2,3,2,0,2,No,Yes,0.51400810562
38,1,240,1,2,4,1,1,803,1,0,75,4,2,4,1,2,5980,26085,6,0,1,12,3,4,80,0,17,2,3,15,7,4,12,No,Yes,0.6885649562002037
19,2,489,0,2,2,5,1,566,1,1,52,2,1,1,4,2,2564,18437,1,0,0,12,3,3,80,0,1,3,4,1,0,0,0,Yes,Yes,0.5612469796943496
25,2,1356,2,10,4,1,1,1240,3,1,57,3,2,7,4,2,4950,20623,0,0,0,14,3,2,80,0,5,4,3,4,3,1,1,No,Yes,0.504295008009369
39,1,203,1,2,3,1,1,1127,1,1,84,3,4,0,4,0,12169,13547,7,0,0,11,3,4,80,3,21,4,3,18,7,11,5,Yes,No,0.40655265485428943
39,2,408,1,2,4,5,1,721,4,0,80,2,2,0,3,2,4553,20978,1,0,0,11,3,1,80,0,20,4,3,20,7,11,10,No,Yes,0.5477851418025361
31,2,218,2,7,3,5,1,416,2,1,100,4,2,7,4,1,6929,12241,4,0,0,11,3,2,80,1,10,3,2,8,7,7,7,No,Yes,0.5272618842200922
29,1,574,1,20,1,3,1,1852,4,1,40,3,1,2,4,1,3812,7003,1,0,0,13,3,2,80,0,11,3,4,11,8,3,10,No,No,0.29150836764733573
18,0,1431,1,14,3,3,1,1839,2,0,33,3,1,6,3,2,1514,8018,1,0,0,16,3,3,80,0,0,4,1,0,0,0,0,No,Yes,0.6178195857630672
60,1,1499,2,28,3,2,1,573,3,0,80,2,3,7,1,1,10266,2845,4,0,0,19,3,4,80,0,22,5,4,18,13,13,11,No,Yes,0.5552570454579516
33,1,827,1,29,4,3,1,1101,1,0,54,2,2,6,3,2,4508,3129,1,0,0,22,4,2,80,0,14,4,3,13,7,3,8,Yes,Yes,0.5478419326623345
26,2,1384,1,3,4,3,1,1177,1,1,82,4,1,2,4,1,4420,13421,1,0,0,22,4,2,80,1,8,2,3,8,7,0,7,No,No,0.30573123902719157
34,2,285,1,29,3,3,1,1377,2,1,86,3,2,2,3,1,5429,17491,4,0,0,13,3,1,80,2,10,1,3,8,7,7,7,No,No,0.48577867633123256
21,2,996,1,3,2,3,1,379,4,1,100,2,1,6,3,2,3230,10531,1,0,0,17,3,1,80,0,3,4,4,3,2,1,0,No,Yes,0.5575278412127721
31,1,534,1,20,3,1,1,587,1,1,66,3,3,0,3,1,9824,22908,3,0,0,12,3,1,80,0,12,2,3,1,0,0,0,Yes,Yes,0.5492617666937295
42,2,544,0,2,1,5,1,470,3,1,52,3,1,1,3,0,2696,24017,0,0,1,11,3,3,80,1,4,5,3,3,2,1,0,No,No,0.3806046170380467
50,2,939,1,24,3,1,1,1005,4,1,95,3,4,4,3,1,13973,4161,3,0,1,18,3,4,80,1,22,2,3,12,11,1,5,No,No,0.373860417737171
28,1,791,1,1,4,3,1,1286,4,1,44,3,1,2,3,2,2154,6842,0,0,1,11,3,3,80,0,5,2,2,4,2,0,2,No,Yes,0.5900729700705026
42,2,319,1,24,3,3,1,605,4,1,56,3,3,4,1,1,7406,6950,1,0,1,21,4,4,80,1,10,5,2,10,9,5,8,No,No,0.4572471127838244
36,0,894,1,1,4,3,1,1662,4,0,33,2,2,4,3,1,4374,15411,0,0,0,15,3,3,80,0,4,6,3,3,2,1,2,No,No,0.38696861638182495
27,1,994,2,8,3,1,1,56,4,1,37,3,3,7,3,2,8726,2975,1,0,0,15,3,4,80,0,9,0,3,9,8,1,7,No,No,0.46519903645782185
49,2,465,1,6,1,1,1,1661,3,0,41,2,4,0,3,1,13966,11652,2,0,1,19,3,2,80,1,30,3,3,15,11,2,12,No,No,0.3058899067883148
32,0,953,1,5,4,5,1,1764,2,1,65,3,1,6,2,2,2718,17674,2,0,0,14,3,2,80,0,12,3,3,7,7,0,7,No,Yes,0.5287097959283419
54,1,928,1,20,4,1,1,450,4,0,31,3,2,6,3,2,4869,16885,3,0,0,12,3,4,80,0,20,4,2,4,3,0,3,No,No,0.45847350259748054
21,1,251,1,10,2,1,1,1279,1,0,45,2,1,2,3,2,2625,25308,1,0,0,20,4,3,80,0,2,2,1,2,2,2,2,Yes,Yes,0.6404719416298816
32,2,827,1,1,1,1,1,134,4,1,71,3,1,6,1,2,2956,15178,1,0,0,13,3,4,80,0,1,2,3,1,0,0,0,No,Yes,0.5967042044327053
25,2,240,2,5,3,2,1,142,3,1,46,2,2,7,3,2,5744,26959,1,0,1,11,3,4,80,0,6,1,3,6,4,0,3,Yes,Yes,0.6889258886886341
32,2,906,2,7,3,1,1,420,4,1,91,2,2,7,3,1,5484,16985,1,0,0,14,3,3,80,1,13,3,2,13,8,4,8,No,No,0.4320351939310712
46,2,377,2,9,3,2,1,1457,1,1,52,3,3,7,4,0,10096,15986,4,0,0,11,3,1,80,1,28,1,4,7,7,4,3,Yes,No,0.45560697602032696
56,2,713,1,8,3,1,1,241,3,0,67,3,1,6,1,0,4257,13939,4,0,1,18,3,3,80,1,19,3,3,2,2,2,2,No,Yes,0.5472109923336099
32,2,515,1,1,3,1,1,331,4,1,62,2,1,2,3,2,3730,9571,0,0,1,14,3,4,80,0,4,2,1,3,2,1,2,Yes,Yes,0.6296707640898506
39,2,1498,2,21,4,1,1,1390,1,1,44,2,2,7,4,1,6120,3567,3,0,1,12,3,4,80,2,8,2,4,5,4,1,4,No,Yes,0.5533841229605521
25,2,688,1,3,3,3,1,538,1,1,91,3,1,2,1,1,4031,9396,5,0,0,13,3,3,80,1,6,5,3,2,2,0,2,Yes,Yes,0.5539773799372553
31,2,1003,2,5,3,5,1,1749,1,1,51,3,2,7,3,1,8346,20943,1,0,0,19,3,3,80,1,6,3,3,5,2,0,2,No,Yes,0.5157572977013811
22,2,594,1,2,1,5,1,169,3,1,100,3,1,2,4,1,2523,19299,0,0,0,14,3,3,80,1,3,2,3,2,1,2,1,No,No,0.4220369214559682
46,2,430,1,1,4,3,1,1069,4,1,40,3,5,5,4,0,19627,21445,9,0,0,17,3,4,80,2,23,0,3,2,2,2,2,No,No,0.42211320685268405
32,2,1062,1,2,3,3,1,471,3,0,75,3,1,2,2,1,2370,3956,1,0,0,13,3,3,80,1,8,4,3,8,0,0,7,No,No,0.38713701061769645
38,2,903,1,2,3,3,1,1573,3,1,81,3,2,4,2,1,4855,7653,4,0,0,11,3,1,80,2,7,2,3,5,2,1,4,Yes,No,0.47486116387184163
34,2,258,2,21,4,1,1,621,4,1,74,4,2,7,4,2,5337,19921,1,0,0,12,3,4,80,0,10,3,3,10,7,5,7,No,No,0.43327318292443834
45,0,589,2,2,4,1,1,1845,3,0,67,3,2,7,3,1,5154,19665,4,0,0,22,4,2,80,2,10,3,4,8,7,5,7,No,No,0.37660706910011504
49,2,464,1,16,3,3,1,1674,4,0,74,3,1,2,1,0,2587,24941,4,0,1,16,3,2,80,1,17,2,2,2,2,2,2,No,Yes,0.5571197462760122
34,2,1157,1,5,2,3,1,1696,2,1,57,2,2,2,4,1,3986,11912,1,0,0,14,3,3,80,1,15,3,4,15,10,4,13,No,No,0.2895173260213737
30,2,946,1,2,3,3,1,833,3,0,52,2,2,4,4,2,6877,20234,5,0,1,24,4,2,80,0,12,4,2,0,0,0,0,No,Yes,0.6885431432699786
30,2,125,1,9,2,3,1,41,4,1,83,2,1,2,3,2,2206,16117,1,0,0,13,3,1,80,0,10,5,3,10,0,1,8,No,No,0.4897402475519315
39,2,835,1,19,4,4,1,1871,4,1,41,3,2,6,4,0,3902,5141,8,0,0,14,3,2,80,3,7,2,3,2,2,2,2,No,No,0.4027605247435494
50,2,1099,1,29,4,1,1,569,2,1,88,2,4,3,3,1,17046,9314,0,0,0,15,3,2,80,1,28,2,3,27,10,15,7,No,Yes,0.5684193252419284
35,2,1296,1,5,4,5,1,464,3,1,62,3,3,4,2,2,8095,18264,0,0,0,13,3,4,80,0,17,5,3,16,6,0,13,No,No,0.3752933425272295
37,2,1319,1,6,3,3,1,474,3,1,51,4,2,6,1,0,5974,17001,4,0,1,13,3,1,80,2,13,2,3,7,7,6,7,No,Yes,0.5173972323589863
40,2,1137,1,1,4,1,1,1892,1,1,98,3,4,3,1,0,16823,18991,2,0,0,11,3,1,80,1,22,3,3,19,7,11,16,No,No,0.48017309803009905
35,2,1490,1,11,4,3,1,2003,4,1,43,3,1,2,3,1,2660,20232,7,0,1,11,3,3,80,1,5,3,3,2,2,2,2,No,Yes,0.6033030295453237
24,2,477,1,24,3,3,1,1173,4,1,49,3,1,2,2,2,3597,6409,8,0,0,22,4,4,80,0,6,2,3,4,3,1,2,No,Yes,0.6450017317746018
32,2,1018,1,2,4,3,1,439,1,0,74,4,2,6,4,2,5055,10557,7,0,0,16,3,3,80,0,10,0,2,7,7,0,7,No,Yes,0.579836187932639
34,2,1440,2,7,2,5,1,1541,2,1,55,3,1,8,3,1,2308,4944,0,0,1,25,4,2,80,1,12,4,3,11,10,5,7,No,Yes,0.5057004567121354
34,2,1351,1,1,4,1,1,1580,2,1,45,3,2,6,4,1,5484,13008,9,0,0,17,3,2,80,1,9,3,2,2,2,2,1,No,Yes,0.6045905631228286
57,2,334,1,24,2,1,1,223,3,1,83,4,3,0,4,0,9439,23402,3,0,1,16,3,2,80,1,12,2,1,5,3,1,4,No,No,0.37900531779129587
41,2,796,2,4,1,2,1,1815,3,0,81,3,3,7,3,0,10447,26458,0,0,1,13,3,4,80,1,23,3,4,22,14,13,5,No,No,0.474041827035705
24,1,567,1,2,1,5,1,1646,1,0,32,3,1,6,4,2,3760,17218,1,0,1,13,3,3,80,0,6,2,3,6,3,1,3,No,Yes,0.6630129094488708
56,2,1369,1,23,3,1,1,1373,4,1,68,3,4,4,2,1,13402,18235,4,0,1,12,3,1,80,1,33,0,3,19,16,15,9,No,Yes,0.6006681632155932
28,2,304,2,9,4,1,1,498,2,1,92,3,2,7,4,2,5253,20750,1,0,0,16,3,4,80,0,7,1,3,7,5,0,7,No,No,0.49769172630620656
42,2,532,1,4,2,5,1,319,3,1,58,3,5,3,4,1,19232,4933,1,0,0,11,3,4,80,0,22,3,3,22,17,11,15,No,No,0.30682841984592074
39,2,1089,1,6,3,1,1,1525,2,0,32,3,3,4,2,2,8376,9150,4,0,0,18,3,4,80,0,9,3,3,2,0,2,2,No,Yes,0.6115590952430429
35,2,1232,2,16,3,2,1,406,3,1,96,3,3,7,2,1,8020,5100,0,0,0,15,3,3,80,2,12,3,2,11,9,6,9,No,No,0.3927705285028214
27,0,443,1,3,3,3,1,850,4,1,50,3,1,6,4,1,1706,16571,1,0,0,11,3,3,80,3,0,6,2,0,0,0,0,No,No,0.3000844520771421
40,2,448,1,16,3,1,1,1641,3,0,84,3,3,4,4,2,7945,19948,6,0,1,15,3,4,80,0,18,2,2,4,2,3,3,No,Yes,0.6820159159357128
50,2,1046,1,10,3,5,1,491,4,1,100,2,3,0,4,2,10496,2755,6,0,0,15,3,4,80,0,20,2,3,4,3,1,3,No,Yes,0.5229833763457999
46,2,261,1,21,2,3,1,1821,4,0,66,3,2,0,2,1,8926,10842,4,0,0,22,4,4,80,1,13,2,4,9,7,3,7,Yes,No,0.33341768909871133
28,2,857,1,10,3,4,1,1097,3,0,59,3,2,6,3,2,3660,7909,3,0,0,13,3,4,80,0,10,4,4,8,7,1,7,No,No,0.44057612678110936
40,2,1194,1,1,3,1,1,1822,3,0,52,3,2,0,4,0,6513,9060,4,0,0,17,3,4,80,1,12,3,3,5,3,0,3,No,No,0.2733868994777162
59,2,1435,2,25,3,1,1,81,1,0,99,3,3,7,1,2,7637,2354,7,0,0,11,3,4,80,0,28,3,2,21,16,7,9,No,Yes,0.6563496789795322
29,2,332,0,17,3,4,1,1419,2,1,51,2,3,1,1,2,7988,9769,1,0,0,13,3,1,80,0,10,3,2,10,9,0,9,No,No,0.49958585697336355
42,2,557,1,18,4,1,1,1998,4,1,35,3,2,6,1,0,5410,11189,6,0,1,17,3,3,80,1,9,3,2,4,3,1,2,No,Yes,0.5990023709778216
28,2,1083,1,29,1,1,1,1514,3,1,96,1,2,4,2,1,6549,3173,1,0,0,14,3,2,80,2,8,2,2,8,6,1,7,No,No,0.4417852628399544
44,0,111,1,17,3,1,1,1206,4,1,74,1,1,6,3,2,2290,4279,2,0,0,13,3,4,80,0,6,3,3,0,0,0,0,No,Yes,0.6003901380374662
48,2,969,1,2,2,5,1,1258,4,1,76,4,1,2,2,2,2559,16620,5,0,0,11,3,3,80,0,7,4,2,1,0,0,0,No,Yes,0.5674169772305637
42,1,570,1,8,3,1,1,809,2,1,66,3,5,3,4,0,18430,16225,1,0,0,13,3,2,80,1,24,4,2,24,7,14,9,No,No,0.44165444880284527
35,2,817,1,1,3,3,1,1369,4,0,60,2,2,2,4,1,5363,10846,0,0,0,12,3,2,80,1,10,0,3,9,7,0,0,No,No,0.3561293577242717
38,2,1261,1,2,4,1,1,271,4,1,88,3,2,4,3,1,6553,7259,9,0,0,14,3,2,80,0,14,3,3,1,0,0,0,No,Yes,0.5914750313236226
44,0,381,1,24,3,3,1,744,1,1,49,1,1,2,3,2,3708,2104,2,0,0,14,3,3,80,0,9,5,3,5,2,1,4,No,Yes,0.592701409939407
35,1,1182,2,11,2,2,1,1137,4,1,54,3,2,7,4,0,4968,18500,1,0,0,11,3,4,80,1,5,3,3,5,2,0,2,No,No,0.33478760844793554
34,2,131,2,2,3,2,1,1281,3,0,86,3,2,7,1,2,4538,6039,0,0,1,12,3,4,80,0,4,3,3,3,2,0,2,No,Yes,0.6706883984371299
41,2,314,0,1,3,0,1,734,4,1,59,2,5,3,3,1,19189,19562,1,0,0,12,3,2,80,1,22,3,3,22,7,2,10,No,No,0.30100746099028824
53,2,970,1,7,3,1,1,730,3,1,59,4,4,5,3,1,14814,13514,3,0,0,19,3,3,80,0,32,3,3,5,1,1,3,No,No,0.4032383992665727
33,2,924,1,2,3,3,1,39,3,1,78,3,1,2,4,2,2496,6670,4,0,0,11,3,4,80,0,7,3,3,1,1,0,0,No,Yes,0.5300984308109024
35,1,853,2,18,5,1,1,74,2,1,71,3,3,7,1,1,9069,11031,1,0,0,22,4,4,80,1,9,3,2,9,8,1,8,No,No,0.44093360290196526
26,0,786,1,7,3,3,1,1693,4,1,76,3,1,2,4,2,2570,11925,1,0,0,20,4,3,80,0,7,5,3,7,7,5,7,No,No,0.3758123281620208
42,1,748,1,9,2,3,1,1480,1,0,74,3,1,2,4,2,3673,16458,1,0,0,13,3,3,80,0,12,3,3,12,9,5,8,No,No,0.4393222541877825
60,2,422,1,7,3,1,1,549,1,0,41,3,5,3,1,1,19566,3854,5,0,0,11,3,4,80,0,33,5,1,29,8,11,10,No,Yes,0.6432706044600838
42,1,288,1,2,3,1,1,1547,4,1,40,3,3,0,4,1,10124,18611,2,0,1,14,3,3,80,1,24,3,1,20,8,13,9,No,Yes,0.523548366093666
34,1,296,2,6,2,2,1,555,4,0,33,1,1,8,3,0,2351,12253,0,0,0,16,3,4,80,1,3,3,2,2,2,1,0,Yes,No,0.45774946549309387
25,2,882,1,19,1,3,1,1358,4,1,67,3,1,2,4,1,3669,9075,3,0,0,11,3,3,80,3,7,6,2,3,2,1,2,No,No,0.28259000088397634
38,2,130,2,2,2,2,1,1125,4,1,32,3,3,7,2,2,7351,20619,7,0,0,16,3,3,80,0,10,2,3,1,0,0,0,No,Yes,0.6853845093091734
31,0,325,1,5,3,3,1,2057,2,1,74,3,2,4,1,2,9936,3787,0,0,0,19,3,2,80,0,10,2,3,9,4,1,7,No,Yes,0.552611177509272
30,0,1116,1,2,3,3,1,571,3,0,49,3,1,2,4,2,2564,7181,0,0,0,14,3,3,80,0,12,2,2,11,7,6,7,No,No,0.46142519341077487
36,0,845,2,1,5,3,1,479,4,0,45,3,2,7,4,2,6653,15276,4,0,0,15,3,2,80,0,7,6,3,1,0,0,0,No,Yes,0.5254107752215678
40,2,1202,1,2,1,3,1,1375,2,0,89,4,2,0,3,0,6377,13888,5,0,0,20,4,2,80,3,15,0,3,12,11,11,8,No,No,0.32375662032634434
31,2,106,0,2,3,0,1,424,1,1,62,2,2,1,1,1,6410,17822,3,0,0,12,3,4,80,0,9,1,3,2,2,1,0,No,Yes,0.6247883346748954
49,2,1490,1,7,4,1,1,1484,3,1,35,3,3,0,2,0,10466,20948,3,0,0,14,3,2,80,2,29,3,3,8,7,0,7,No,No,0.21953061457985049
44,0,489,1,23,3,3,1,132,2,1,67,3,2,2,2,1,2042,25043,4,0,0,12,3,3,80,1,17,3,4,3,2,1,2,No,No,0.4749150615459577
24,1,1287,1,7,3,1,1,647,1,0,55,3,1,2,3,1,2886,14168,1,0,1,16,3,4,80,1,6,4,3,6,3,1,2,Yes,Yes,0.503304773508606
37,0,728,1,1,4,3,1,380,1,0,80,3,3,5,4,0,13603,11677,2,0,1,18,3,1,80,2,15,2,3,5,2,0,2,No,No,0.4474374114242627
29,1,115,2,13,3,5,1,1487,1,0,51,3,2,7,2,2,5765,17485,5,0,0,11,3,1,80,0,7,4,1,5,3,0,0,Yes,Yes,0.753731818775889
38,1,508,1,6,4,1,1,1997,1,1,72,2,2,4,3,1,5321,14284,2,0,0,11,3,4,80,1,10,1,3,8,3,7,7,No,Yes,0.5852736678328639
27,2,1103,1,14,3,1,1,1244,1,1,42,3,1,6,1,1,2235,14377,1,0,1,14,3,4,80,2,9,3,2,9,7,6,8,No,Yes,0.5947423670798425
30,2,855,2,7,4,2,1,1428,4,0,73,3,2,7,1,0,4779,12761,7,0,0,14,3,2,80,2,8,3,3,3,2,0,2,No,No,0.496489398420815
32,2,824,1,5,2,1,1,1555,4,0,67,2,2,6,2,1,5878,15624,3,0,0,12,3,1,80,1,12,2,3,7,1,2,5,No,Yes,0.5330967049795363
35,0,1212,2,8,2,2,1,1243,3,0,78,2,3,7,4,1,10377,13755,4,0,1,11,3,2,80,1,16,6,2,13,2,4,12,No,Yes,0.5636577923848116
33,2,461,1,13,1,1,1,995,2,0,53,3,1,6,4,2,3452,17241,3,0,0,18,3,1,80,0,5,4,3,3,2,0,2,No,Yes,0.5176501313739972
40,1,720,1,16,4,3,1,832,1,1,51,2,2,2,3,2,5094,11983,6,0,0,14,3,4,80,0,10,6,3,1,0,0,0,No,Yes,0.6376134243347508
31,2,1365,2,13,4,3,1,650,2,1,46,3,2,7,1,0,4233,11512,2,0,0,17,3,3,80,0,9,2,1,3,1,1,2,Yes,Yes,0.6373340701265701
45,1,364,1,25,3,3,1,1306,2,0,83,3,5,3,2,2,18061,13035,3,0,0,22,4,3,80,0,22,4,3,0,0,0,0,No,Yes,0.5512235666436883
34,2,937,2,1,3,2,1,1950,1,1,32,3,3,7,4,2,9888,6770,1,0,0,21,4,1,80,0,14,3,2,14,8,2,1,No,Yes,0.5711712824020525
42,2,188,1,29,3,3,1,1148,2,1,56,1,2,2,4,2,4272,9558,4,0,0,19,3,1,80,0,16,3,3,1,0,0,0,No,Yes,0.6364853569072801
39,2,170,1,3,2,3,1,1627,3,1,76,2,2,2,3,0,3069,10302,0,0,0,15,3,4,80,1,11,3,3,10,8,0,7,No,No,0.2472572657714045
56,0,667,1,1,4,1,1,2026,3,1,57,3,2,0,3,0,6306,26236,1,0,0,21,4,1,80,1,13,2,2,13,12,1,9,No,No,0.20013321491137492
25,2,1219,1,4,1,5,1,1106,4,1,32,3,1,2,4,1,3691,4605,1,0,1,15,3,2,80,1,7,3,4,7,7,5,6,Yes,No,0.40910917428108484
59,2,715,1,2,3,1,1,1032,3,0,69,2,4,4,4,2,13726,21829,3,0,1,13,3,1,80,0,30,4,3,5,3,4,3,No,Yes,0.5980292554224856
44,2,1315,1,3,4,4,1,671,4,1,35,3,5,3,4,1,19513,9358,4,0,1,12,3,1,80,1,26,2,4,2,2,0,1,No,No,0.4657678538410903
33,2,465,1,2,2,1,1,328,1,0,39,3,1,2,1,1,2707,21509,7,0,0,20,4,1,80,0,13,3,4,9,7,1,7,Yes,Yes,0.5348734778443296
34,1,648,0,11,3,1,1,1289,3,1,56,2,2,1,2,1,4490,21833,4,0,0,11,3,4,80,2,14,5,4,10,9,1,8,No,No,0.2670003467060273
26,2,1146,2,8,3,5,1,796,4,1,38,2,2,7,1,2,5326,3064,6,0,0,17,3,3,80,0,6,2,2,4,3,1,2,Yes,Yes,0.7597184146205549
44,2,1199,1,4,2,1,1,1288,3,1,92,4,5,3,1,0,19190,17477,1,0,0,14,3,4,80,2,26,4,2,25,9,14,13,No,No,0.3544198831200897
37,2,482,1,3,3,4,1,689,3,1,36,3,3,4,3,1,9434,9606,1,0,0,15,3,3,80,1,10,2,3,10,7,7,8,No,No,0.41752253882703905
54,2,157,1,10,3,3,1,1980,3,0,77,3,2,4,1,2,4440,25198,6,0,1,19,3,4,80,0,9,3,3,5,2,1,4,No,Yes,0.7032361856046033
34,2,1303,1,2,4,1,1,579,4,1,62,2,1,6,3,0,2768,8416,3,0,0,12,3,3,80,1,14,3,3,7,3,5,7,No,No,0.43341851334748405
36,1,1302,1,6,4,1,1,1594,1,1,80,4,2,2,1,1,5562,19711,3,0,1,13,3,4,80,1,9,3,3,3,2,0,2,No,Yes,0.5739113153209273
40,0,1151,1,9,5,1,1,287,4,1,63,2,2,0,4,1,4876,14242,9,0,0,14,3,4,80,1,5,5,1,3,2,0,2,No,No,0.4776409188191694
49,1,1023,2,2,3,3,1,2065,4,1,63,2,2,7,2,1,5390,13243,2,0,0,14,3,4,80,0,17,3,2,9,6,0,8,No,No,0.4606913693229279
39,0,439,1,9,3,1,1,1132,3,1,70,3,2,2,2,2,6782,8770,9,0,0,15,3,3,80,0,9,2,2,5,4,0,3,No,Yes,0.6477592686066115
41,2,427,0,10,4,0,1,731,2,1,73,2,5,3,4,0,19141,8861,3,0,0,15,3,2,80,3,23,2,2,21,6,12,6,No,No,0.4351692422577645
52,0,771,2,2,4,1,1,329,1,1,79,2,5,3,3,2,19068,21030,1,0,1,18,3,4,80,0,33,2,4,33,7,15,12,No,Yes,0.7568057175083029
31,2,655,1,7,4,1,1,76,4,1,48,3,2,2,4,0,5915,9528,3,0,0,22,4,4,80,1,10,3,2,7,7,1,7,No,No,0.24110101085989621
40,2,369,1,8,2,1,1,1724,2,0,92,3,2,4,1,1,6516,5041,2,0,1,16,3,2,80,1,18,3,3,1,0,0,0,No,Yes,0.6034792467168354
30,2,1275,1,28,2,3,1,441,4,0,64,3,2,6,4,1,5775,11934,1,0,0,13,3,4,80,2,11,2,3,10,8,1,9,No,No,0.24531715781575006
29,2,1283,1,23,3,1,1,495,4,1,54,3,1,6,4,2,2201,18168,9,0,0,16,3,4,80,0,6,4,3,3,2,1,2,No,Yes,0.604286952608495
58,2,289,1,2,3,5,1,977,4,1,51,3,1,6,3,2,2479,26227,4,0,0,24,4,1,80,0,7,4,3,1,0,0,0,Yes,Yes,0.5569845336578596
40,1,1469,1,9,4,3,1,964,4,1,35,3,1,6,2,0,3617,25063,8,0,1,14,3,4,80,1,3,2,3,1,1,0,0,No,Yes,0.6353890310564907
43,2,1291,1,15,2,1,1,1666,3,1,65,2,4,5,3,1,17603,3525,1,0,0,24,4,1,80,1,14,3,3,14,10,6,11,No,No,0.35619781654357624
37,2,342,2,16,4,2,1,868,4,1,66,2,2,7,3,0,6334,24558,4,0,0,19,3,4,80,2,9,2,3,1,0,0,0,No,No,0.4488753180709469
30,2,1465,1,1,3,3,1,1241,4,1,63,3,1,6,2,1,3579,9369,0,0,1,21,4,1,80,1,12,2,3,11,9,5,7,No,No,0.4972767840297373
30,0,990,1,7,3,5,1,1482,3,1,64,3,1,6,3,0,1274,7152,1,0,0,13,3,2,80,2,1,2,2,1,0,0,0,No,No,0.42727293313150516
34,1,653,1,10,4,5,1,1597,4,1,92,2,2,0,3,1,5063,15332,1,0,0,14,3,2,80,1,8,3,2,8,2,7,7,No,No,0.49521425464875274
33,1,1111,2,5,1,1,1,1395,2,1,61,3,2,7,4,1,9998,19293,6,0,0,13,3,1,80,0,8,2,4,5,4,1,2,No,Yes,0.5672180111419258
49,2,527,1,8,2,4,1,944,1,0,51,3,3,2,2,1,7403,22477,4,0,0,11,3,3,80,1,29,3,2,26,9,1,7,No,No,0.454219969150136
50,2,854,2,1,4,3,1,323,4,0,68,3,5,3,4,0,19517,24118,3,0,0,11,3,3,80,1,32,3,2,7,0,0,6,No,No,0.3054625019711987
30,0,1398,2,22,4,4,1,567,3,0,69,3,3,7,1,1,8412,2890,0,0,0,11,3,3,80,0,10,3,3,9,8,7,8,No,Yes,0.5458049095741468
35,1,138,1,2,3,3,1,269,2,0,37,3,2,2,2,2,4425,15986,5,0,0,11,3,4,80,0,10,5,3,6,2,1,2,No,Yes,0.582923255034617
47,0,543,2,2,4,2,1,1731,3,1,87,3,2,7,2,1,4978,3536,7,0,0,11,3,4,80,1,4,3,1,1,0,0,0,No,Yes,0.651540535771078
35,2,1214,1,1,3,3,1,105,2,1,30,2,1,6,3,2,2859,26278,1,0,0,18,3,1,80,0,6,3,3,6,4,0,4,No,Yes,0.5564176755109916
49,1,1064,1,2,1,1,1,1941,2,1,42,3,5,5,4,1,19161,13738,3,0,0,15,3,4,80,0,28,3,3,5,4,4,3,No,No,0.4347962073266628
43,2,990,1,27,3,5,1,1599,4,1,87,4,1,2,2,0,4876,5855,5,0,0,12,3,3,80,1,8,0,3,6,4,0,2,No,No,0.4232494850658377
34,1,658,1,7,3,1,1,147,1,1,66,1,2,2,3,2,6074,22887,1,0,1,24,4,4,80,0,9,3,3,9,7,0,6,Yes,Yes,0.5915900674358555
30,2,979,2,15,2,2,1,1754,3,1,94,2,3,7,1,0,7140,3088,2,0,0,11,3,1,80,1,12,2,3,7,7,1,7,No,No,0.46529961266006137
31,2,1112,2,5,4,1,1,1673,1,0,67,3,2,7,4,1,5476,22589,1,0,0,11,3,1,80,2,10,2,3,10,0,0,2,No,No,0.48128574440919974
46,2,991,0,1,2,1,1,1314,4,0,44,3,1,1,1,2,3423,22957,6,0,0,12,3,3,80,0,10,3,4,7,6,5,7,No,Yes,0.512536831310704
43,2,177,1,8,3,1,1,920,1,0,55,3,2,4,2,0,4765,23814,4,0,0,21,4,3,80,1,4,2,4,1,0,0,0,No,No,0.47339227782067905
39,0,792,1,1,3,1,1,1737,4,1,77,3,2,2,4,1,6472,8989,1,0,1,15,3,4,80,1,9,2,3,9,8,5,8,No,No,0.3685240583897539
41,2,918,2,6,3,2,1,1708,4,1,35,3,3,7,3,2,9241,15869,1,0,0,12,3,2,80,0,10,3,3,10,8,8,7,No,Yes,0.5312496904252795
52,0,715,1,19,4,3,1,791,4,1,41,3,1,6,4,1,4258,26589,0,0,0,18,3,1,80,1,5,3,3,4,3,1,2,No,No,0.34537867585114196
30,0,641,2,25,2,5,1,475,4,0,85,3,2,7,3,1,4736,6069,7,0,1,12,3,2,80,1,4,2,4,2,2,2,2,No,Yes,0.6766882342050367
48,2,1108,1,15,4,4,1,1576,3,0,65,3,1,6,1,1,2367,16530,8,0,0,12,3,4,80,1,10,3,2,8,2,7,6,No,Yes,0.6997769905146491
29,2,441,1,8,1,4,1,1544,3,0,39,1,2,0,1,1,9715,7288,3,0,0,13,3,3,80,1,9,3,3,7,7,0,7,No,No,0.4368414624382706
49,2,1091,1,1,2,5,1,431,3,0,90,2,4,0,3,2,13964,17810,7,0,1,12,3,4,80,0,25,2,3,7,1,0,7,No,Yes,0.6584522133133182
35,2,287,1,1,4,1,1,2052,3,0,62,1,1,6,4,1,2977,8952,1,0,0,12,3,4,80,1,4,5,3,4,3,1,1,No,No,0.42078672266509665
28,1,467,2,7,3,1,1,1507,3,1,55,3,2,7,1,2,4898,11827,0,0,0,14,3,4,80,0,5,5,3,4,2,1,3,No,Yes,0.5593785316908927
32,0,1184,1,1,3,1,1,951,3,0,70,2,1,2,2,1,2332,3974,6,0,0,20,4,3,80,0,5,3,3,3,0,0,2,No,Yes,0.5875964965017871
31,2,480,1,7,2,3,1,524,2,0,31,3,2,4,1,1,4306,4156,1,0,0,12,3,2,80,1,13,5,1,13,10,3,12,No,No,0.3804828281819024
34,2,304,2,2,3,4,1,786,4,1,60,3,2,7,4,2,6274,18686,1,0,0,22,4,3,80,0,6,5,3,6,5,1,4,No,No,0.42246613091314394
34,2,167,1,8,5,1,1,775,2,0,32,3,2,4,1,0,5121,4187,3,0,0,14,3,3,80,1,7,3,3,0,0,0,0,No,No,0.4835949573096112
50,2,1322,1,28,3,1,1,1317,4,0,43,3,4,5,1,1,16880,22422,4,0,1,11,3,2,80,0,25,2,3,3,2,1,2,No,Yes,0.629636686801105
37,2,1225,1,10,2,1,1,715,4,1,80,4,1,6,4,2,4680,15232,3,0,0,17,3,1,80,0,4,2,3,1,0,0,0,No,Yes,0.5102752695135863
47,2,249,2,2,2,2,1,903,3,0,35,3,2,7,4,1,4537,17783,0,0,1,22,4,1,80,1,8,2,3,7,6,7,7,No,No,0.49455347330526994
