order_id,product_id,category,supplier,price,quantity,order_date,customer_location,marketing_channel,returned,returnerd,return_flag,return_probability,return_risk_level
1,202,0,3,2608,3,2023-01-01,Delhi,3,0,0,0,0.07588557487222838,Low
2,279,1,2,540,2,2023-01-02,Mumbai,0,0,0,0,0.20375884044994463,Low
3,192,0,2,3017,2,2023-01-03,Delhi,0,1,1,1,0.48966187486107976,Medium
4,114,3,1,2696,2,2023-01-04,Bangalore,1,0,0,0,0.6983426604688355,High
5,206,2,3,1925,4,2023-01-05,Hyderabad,1,0,0,0,0.47999525387874264,Medium
6,171,1,2,1889,2,2023-01-06,Bangalore,0,0,0,0,0.43222252148214535,Medium
7,288,1,0,3467,1,2023-01-07,Mumbai,2,0,0,0,0.29673985330473884,Low
8,120,2,2,4606,4,2023-01-08,Chennai,3,1,1,1,0.6018311756423966,High
9,202,0,0,461,4,2023-01-09,Delhi,3,0,0,0,0.010446059339448944,Low
10,221,2,1,1642,2,2023-01-10,Hyderabad,2,0,0,0,0.18759669199299234,Low
11,174,0,0,605,1,2023-01-11,Chennai,2,0,0,0,0.020716221150174775,Low
12,187,2,2,2390,4,2023-01-12,Bangalore,2,0,0,0,0.3533076421645943,Medium
13,216,3,2,4637,3,2023-01-13,Hyderabad,2,0,0,0,0.8613661331305621,High
14,199,0,2,443,4,2023-01-14,Chennai,2,0,0,0,0.028242802664390117,Low
15,203,3,1,4785,2,2023-01-15,Hyderabad,2,0,0,0,0.852509077216737,High
16,251,1,1,4307,1,2023-01-16,Mumbai,3,0,0,0,0.3036072506739361,Medium
17,230,2,3,760,2,2023-01-17,Mumbai,2,0,0,0,0.12737527540910412,Low
18,249,1,2,4337,3,2023-01-18,Delhi,0,1,1,1,0.8545003903690762,High
19,152,1,0,2925,3,2023-01-19,Delhi,2,0,0,0,0.23662887224279458,Low
20,101,1,1,793,3,2023-01-20,Mumbai,2,0,0,0,0.059125768301045045,Low
21,187,1,2,2026,2,2023-01-21,Hyderabad,3,0,0,0,0.0771533783963067,Low
22,257,2,2,3429,4,2023-01-22,Mumbai,3,1,1,1,0.3686353566671385,Medium
23,137,1,1,3487,2,2023-01-23,Delhi,2,0,0,0,0.34190011162066863,Medium
24,229,2,3,4273,1,2023-01-24,Mumbai,3,1,1,1,0.5191412623784829,Medium
25,291,2,1,333,4,2023-01-25,Mumbai,1,0,0,0,0.16510482374748767,Low
26,287,3,1,3338,3,2023-01-26,Hyderabad,3,0,0,0,0.46920426585140534,Medium
27,120,0,0,4119,2,2023-01-27,Chennai,3,0,0,0,0.15129291956215404,Low
28,260,0,0,272,3,2023-01-28,Delhi,3,0,0,0,0.008420899828743986,Low
29,157,2,3,4694,3,2023-01-29,Hyderabad,3,1,1,1,0.6333133098499039,High
30,121,3,2,4425,1,2023-01-30,Mumbai,0,1,1,1,0.9557281427772667,High
31,188,2,1,3178,4,2023-01-31,Mumbai,0,1,1,1,0.8102476411742277,High
32,148,2,3,4561,1,2023-02-01,Chennai,0,1,1,1,0.9327009866068237,High
33,158,2,0,2185,1,2023-02-02,Delhi,2,0,0,0,0.22815568053639648,Low
34,269,3,1,992,1,2023-02-03,Delhi,2,0,0,0,0.2017071283956629,Low
35,287,0,2,4459,3,2023-02-04,Bangalore,1,0,0,0,0.6024277929158667,High
36,114,3,0,294,1,2023-02-05,Delhi,0,0,0,0,0.37275922439368303,Medium
37,289,1,0,1333,1,2023-02-06,Chennai,2,0,0,0,0.06995153790428094,Low
38,289,3,0,437,4,2023-02-07,Bangalore,3,0,0,0,0.073782793037971,Low
39,274,3,3,3146,4,2023-02-08,Bangalore,3,0,0,0,0.5101047186162596,Medium
40,289,3,2,2730,1,2023-02-09,Mumbai,0,0,0,0,0.8458392173978933,High
41,150,3,1,2160,4,2023-02-10,Mumbai,1,0,0,0,0.6308550351629937,High
42,207,0,3,1248,4,2023-02-11,Delhi,1,0,0,0,0.12052537770744239,Low
43,154,1,3,2729,1,2023-02-12,Bangalore,3,0,0,0,0.13571948848147342,Low
44,163,0,3,3164,3,2023-02-13,Mumbai,1,0,0,0,0.37662695884950015,Medium
45,230,0,0,1163,1,2023-02-14,Chennai,0,0,0,0,0.13486995668906818,Low
46,150,3,2,736,4,2023-02-15,Mumbai,3,0,0,0,0.11565459088529145,Low
47,234,2,3,4423,3,2023-02-16,Mumbai,2,1,1,1,0.7503819339162252,High
48,120,2,1,3879,2,2023-02-17,Bangalore,2,1,1,1,0.5847001878632394,Medium
49,172,0,2,4387,3,2023-02-18,Bangalore,1,0,0,0,0.5884122157156061,Medium
50,266,0,1,3924,4,2023-02-19,Hyderabad,3,0,0,0,0.1644617821194601,Low
51,117,3,2,742,3,2023-02-20,Chennai,3,0,0,0,0.10966128173858929,Low
52,231,0,1,1045,1,2023-02-21,Bangalore,2,0,0,0,0.0331413988547598,Low
53,188,3,0,3803,2,2023-02-22,Delhi,3,0,0,0,0.5151389063220275,Medium
54,159,2,3,3236,2,2023-02-23,Chennai,3,1,1,1,0.3325620176258955,Medium
55,113,2,1,2694,2,2023-02-24,Chennai,3,0,0,0,0.19960885148630658,Low
56,108,1,2,4685,4,2023-02-25,Bangalore,1,0,0,0,0.7930143786485053,High
57,189,2,3,2919,4,2023-02-26,Chennai,3,0,0,0,0.30509122565954394,Medium
58,152,0,3,2084,2,2023-02-27,Bangalore,0,0,0,0,0.3388789029564368,Medium
59,229,2,2,4338,3,2023-02-28,Mumbai,1,1,1,1,0.8426529198658114,High
60,183,3,1,4549,2,2023-03-01,Hyderabad,3,0,0,0,0.6879385229010428,High
61,191,2,0,3401,3,2023-03-02,Mumbai,3,1,1,1,0.29325465515662097,Low
62,210,1,0,2910,3,2023-03-03,Bangalore,0,0,0,0,0.5897718174408867,Medium
63,287,2,1,2153,4,2023-03-04,Bangalore,1,0,0,0,0.46259067569252527,Medium
64,298,3,3,4937,3,2023-03-05,Mumbai,2,0,0,0,0.8999059094634656,High
65,271,3,3,4050,2,2023-03-06,Delhi,2,0,0,0,0.8044822641350462,High
66,107,0,3,889,4,2023-03-07,Delhi,1,0,0,0,0.09299642628779252,Low
67,274,2,3,2150,1,2023-03-08,Delhi,3,0,0,0,0.16259151318977022,Low
68,134,3,1,656,1,2023-03-09,Bangalore,3,0,0,0,0.08163098773725716,Low
69,180,1,3,2330,4,2023-03-10,Chennai,2,0,0,0,0.23038980826210514,Low
70,263,0,2,4176,2,2023-03-11,Bangalore,2,0,0,0,0.3427363094542741,Medium
71,149,1,3,4444,1,2023-03-12,Chennai,2,0,0,0,0.5763590184844524,Medium
72,203,2,0,1379,1,2023-03-13,Mumbai,0,1,1,1,0.4197701521622867,Medium
73,231,2,3,4485,3,2023-03-14,Hyderabad,2,1,1,1,0.7596487502813084,High
74,101,2,1,3765,3,2023-03-15,Chennai,0,1,1,1,0.8654345816912775,High
75,233,0,0,1082,2,2023-03-16,Delhi,1,0,0,0,0.06708141967383949,Low
76,153,3,1,599,4,2023-03-17,Bangalore,3,0,0,0,0.09346778584846978,Low
77,205,0,1,808,2,2023-03-18,Mumbai,2,0,0,0,0.029312727036455037,Low
78,103,1,0,1838,4,2023-03-19,Delhi,3,0,0,0,0.05963202275026663,Low
79,153,0,1,2348,1,2023-03-20,Mumbai,3,0,0,0,0.04337761731153701,Low
80,290,1,1,1582,3,2023-03-21,Hyderabad,2,0,0,0,0.1062602781967717,Low
81,245,0,3,1603,2,2023-03-22,Bangalore,2,0,0,0,0.06891970808608824,Low
82,143,3,2,1019,2,2023-03-23,Bangalore,1,0,0,0,0.4040131715128271,Medium
83,261,1,1,3492,4,2023-03-24,Hyderabad,0,1,1,1,0.7359896455039545,High
84,289,2,1,1019,4,2023-03-25,Bangalore,0,1,1,1,0.4272337763131594,Medium
85,113,2,1,619,2,2023-03-26,Chennai,3,0,0,0,0.04454772354071485,Low
86,194,0,3,4419,4,2023-03-27,Mumbai,2,0,0,0,0.45064578946890094,Medium
87,147,2,2,4717,2,2023-03-28,Delhi,1,1,1,1,0.872090471735066,High
88,114,1,0,3502,2,2023-03-29,Hyderabad,1,0,0,0,0.5008565767648611,Medium
89,299,2,3,1708,2,2023-03-30,Chennai,1,0,0,0,0.4049078148370122,Medium
90,289,3,3,967,1,2023-03-31,Delhi,1,0,0,0,0.4088905777397381,Medium
91,139,3,2,2244,4,2023-04-01,Delhi,1,0,0,0,0.6749864044690381,High
92,181,0,2,2339,3,2023-04-02,Hyderabad,0,0,0,0,0.3718099189143866,Medium
93,210,1,3,3229,3,2023-04-03,Chennai,0,0,0,0,0.7314484559447002,High
94,152,3,0,1749,4,2023-04-04,Delhi,0,0,0,0,0.7005430180608162,High
95,123,3,3,1964,2,2023-04-05,Delhi,2,0,0,0,0.43260648147355146,Medium
96,253,1,2,2845,3,2023-04-06,Chennai,3,0,0,0,0.14741901700308252,Low
97,287,2,0,3916,3,2023-04-07,Bangalore,1,1,1,1,0.7470531086132791,High
98,223,2,2,4805,4,2023-04-08,Delhi,2,1,1,1,0.7936580211629061,High
99,140,0,0,4681,3,2023-04-09,Mumbai,1,0,0,0,0.584405895107696,Medium
100,256,2,1,2493,2,2023-04-10,Chennai,0,1,1,1,0.6831783792408348,High
101,114,1,2,2908,4,2023-04-11,Delhi,2,0,0,0,0.29607395121301733,Low
102,144,3,2,1100,2,2023-04-12,Hyderabad,0,0,0,0,0.6106120660703662,High
103,164,2,3,3284,3,2023-04-13,Mumbai,1,1,1,1,0.7217945720544998,High
104,188,0,2,2209,3,2023-04-14,Delhi,1,0,0,0,0.19738554865104363,Low
105,170,2,2,441,2,2023-04-15,Mumbai,3,0,0,0,0.043838407006951456,Low
106,108,1,1,2585,1,2023-04-16,Mumbai,1,0,0,0,0.3372900635607445,Medium
107,187,0,2,4468,3,2023-04-17,Bangalore,0,1,1,1,0.7678235384196468,High
108,228,2,1,871,1,2023-04-18,Mumbai,1,0,0,0,0.20094594684383127,Low
109,235,0,1,363,3,2023-04-19,Bangalore,3,0,0,0,0.010272225656060868,Low
110,162,1,1,664,1,2023-04-20,Chennai,3,0,0,0,0.022439890228318563,Low
111,238,3,1,3242,1,2023-04-21,Bangalore,0,1,1,1,0.8796419175223503,High
112,180,1,0,4792,1,2023-04-22,Hyderabad,2,0,0,0,0.5517909800847339,Medium
113,235,1,3,4995,2,2023-04-23,Delhi,1,0,0,0,0.8307764481622253,High
114,262,1,0,2642,1,2023-04-24,Chennai,3,0,0,0,0.09089287658091048,Low
115,262,1,2,4998,1,2023-04-25,Chennai,1,0,0,0,0.8024526129339443,High
116,132,3,0,2555,1,2023-04-26,Hyderabad,1,0,0,0,0.6303225334779723,High
117,222,3,0,4478,3,2023-04-27,Bangalore,2,0,0,0,0.8090854747933872,High
118,104,0,2,4924,1,2023-04-28,Delhi,3,0,0,0,0.29221500835128894,Low
119,140,2,2,2757,3,2023-04-29,Bangalore,1,0,0,0,0.5987927733994052,Medium
120,127,3,2,745,1,2023-04-30,Mumbai,3,0,0,0,0.09784420149861828,Low
121,234,3,0,4919,1,2023-05-01,Bangalore,0,0,0,0,0.9614776542955867,High
122,171,2,0,4035,2,2023-05-02,Chennai,0,1,1,1,0.8684711256000227,High
123,111,3,2,793,3,2023-05-03,Delhi,1,0,0,0,0.3759920507632079,Medium
124,261,1,3,4004,1,2023-05-04,Bangalore,3,0,0,0,0.3055655685471307,Medium
125,132,1,3,1659,3,2023-05-05,Delhi,1,0,0,0,0.2611523171425283,Low
126,147,2,1,3693,3,2023-05-06,Delhi,3,1,1,1,0.37364811969342515,Medium
127,250,0,2,2801,4,2023-05-07,Mumbai,3,0,0,0,0.08272544604310544,Low
128,161,0,1,2644,2,2023-05-08,Mumbai,2,0,0,0,0.1175079055679951,Low
129,136,2,3,2872,2,2023-05-09,Chennai,2,0,0,0,0.4458176016196733,Medium
130,198,2,1,4400,2,2023-05-10,Hyderabad,2,1,1,1,0.682034543417123,High
131,271,1,2,216,4,2023-05-11,Delhi,1,0,0,0,0.09377669935596872,Low
132,203,0,2,3391,4,2023-05-12,Hyderabad,2,0,0,0,0.2394164684592628,Low
133,134,3,2,592,2,2023-05-13,Chennai,2,0,0,0,0.18137742116105282,Low
134,292,1,0,624,4,2023-05-14,Delhi,0,0,0,0,0.19473014172524628,Low
135,200,2,1,771,4,2023-05-15,Delhi,3,0,0,0,0.056617299763802496,Low
136,274,0,3,3831,4,2023-05-16,Hyderabad,3,0,0,0,0.1905494820307866,Low
137,230,3,3,1320,2,2023-05-17,Bangalore,2,0,0,0,0.311811399428018,Medium
138,100,3,3,441,2,2023-05-18,Mumbai,3,0,0,0,0.09319663253544061,Low
139,104,1,0,4097,2,2023-05-19,Bangalore,0,0,0,0,0.7785894503074877,High
140,241,0,0,4295,4,2023-05-20,Hyderabad,0,1,1,1,0.7041124593401751,High
141,202,0,2,2479,2,2023-05-21,Mumbai,2,0,0,0,0.11685750197830858,Low
142,126,2,3,988,4,2023-05-22,Bangalore,0,1,1,1,0.48398355508437985,Medium
143,236,0,0,914,1,2023-05-23,Mumbai,3,0,0,0,0.012377892941338123,Low
144,114,0,2,3049,4,2023-05-24,Delhi,1,0,0,0,0.3409494042117598,Medium
145,189,1,3,975,3,2023-05-25,Bangalore,3,0,0,0,0.04152098215307516,Low
146,141,0,1,4226,2,2023-05-26,Mumbai,1,0,0,0,0.5088553905281529,Medium
147,223,3,2,2447,2,2023-05-27,Mumbai,2,0,0,0,0.49801247166342244,Medium
148,278,1,0,278,3,2023-05-28,Mumbai,1,0,0,0,0.07329176707680374,Low
149,162,1,0,4126,4,2023-05-29,Bangalore,0,1,1,1,0.8038496453961966,High
150,195,2,2,1055,1,2023-05-30,Chennai,3,0,0,0,0.06592520334011,Low
151,151,0,2,2348,3,2023-05-31,Bangalore,1,0,0,0,0.215787721290501,Low
152,195,2,0,1231,3,2023-06-01,Hyderabad,3,0,0,0,0.06702673791805927,Low
153,231,3,1,3471,4,2023-06-02,Bangalore,2,0,0,0,0.6946937332697662,High
154,250,1,3,3776,2,2023-06-03,Mumbai,2,0,0,0,0.45830309648625706,Medium
155,242,1,1,4382,4,2023-06-04,Delhi,0,1,1,1,0.8512538322449573,High
156,270,1,2,3656,3,2023-06-05,Bangalore,2,0,0,0,0.41911855535675024,Medium
157,128,3,1,3706,3,2023-06-06,Bangalore,1,0,0,0,0.8481868769533898,High
158,135,3,0,607,2,2023-06-07,Mumbai,2,0,0,0,0.1481693504498294,Low
159,112,2,2,2911,2,2023-06-08,Delhi,0,1,1,1,0.7743909988176535,High
160,259,2,3,3288,2,2023-06-09,Delhi,3,1,1,1,0.3419543575740823,Medium
161,170,2,0,1868,4,2023-06-10,Hyderabad,3,0,0,0,0.11368033227691497,Low
162,286,0,0,347,2,2023-06-11,Bangalore,2,0,0,0,0.017993473864163837,Low
163,185,1,3,4527,3,2023-06-12,Delhi,1,0,0,0,0.7820660380408349,High
164,127,1,3,4097,3,2023-06-13,Delhi,0,0,0,0,0.8459842980141403,High
165,165,2,1,2150,1,2023-06-14,Chennai,1,0,0,0,0.4141619631391711,Medium
166,269,1,2,565,4,2023-06-15,Chennai,0,0,0,0,0.22914735534653552,Low
167,144,2,3,1874,1,2023-06-16,Delhi,2,0,0,0,0.25182192208950355,Low
168,161,0,3,4731,3,2023-06-17,Hyderabad,0,1,1,1,0.8228325688752958,High
169,284,0,2,4694,1,2023-06-18,Delhi,0,0,0,0,0.7771390866557921,High
170,233,3,3,2746,3,2023-06-19,Mumbai,2,0,0,0,0.6048112242549669,High
171,127,0,3,762,1,2023-06-20,Bangalore,1,0,0,0,0.07078697325194379,Low
172,127,2,1,3762,2,2023-06-21,Hyderabad,2,1,1,1,0.5615725351220007,Medium
173,207,0,0,2689,1,2023-06-22,Mumbai,0,0,0,0,0.3485650368622849,Medium
174,143,3,0,972,2,2023-06-23,Hyderabad,2,0,0,0,0.1893771932823272,Low
175,183,1,0,2237,2,2023-06-24,Mumbai,0,0,0,0,0.4388899400481001,Medium
176,129,2,0,3623,4,2023-06-25,Bangalore,2,1,1,1,0.5343930504243539,Medium
177,289,1,3,2767,2,2023-06-26,Bangalore,3,0,0,0,0.14731924696232424,Low
178,174,3,2,1773,2,2023-06-27,Chennai,3,0,0,0,0.2098496647426357,Low
179,227,3,2,3894,1,2023-06-28,Mumbai,2,0,0,0,0.749624072946372,High
180,191,3,1,3491,3,2023-06-29,Chennai,1,0,0,0,0.8244367948691413,High
181,289,1,1,1446,4,2023-06-30,Mumbai,0,0,0,0,0.3479144275733186,Medium
182,228,1,3,3919,2,2023-07-01,Chennai,3,0,0,0,0.3047435519976068,Medium
183,220,1,2,4039,4,2023-07-02,Bangalore,1,0,0,0,0.6944774158601679,High
184,126,1,2,559,1,2023-07-03,Hyderabad,0,0,0,0,0.19585182518707164,Low
185,289,3,0,2576,2,2023-07-04,Chennai,3,0,0,0,0.28272002222999143,Low
186,220,3,3,3209,1,2023-07-05,Mumbai,3,0,0,0,0.47424595719363655,Medium
187,215,2,3,3193,4,2023-07-06,Mumbai,2,1,1,1,0.5427596467847817,Medium
188,102,2,0,1162,1,2023-07-07,Bangalore,0,1,1,1,0.3777562859266726,Medium
189,202,1,3,3832,4,2023-07-08,Mumbai,1,0,0,0,0.6858755876157709,High
190,297,0,3,2027,1,2023-07-09,Delhi,1,0,0,0,0.17474415130884743,Low
191,299,0,1,1813,4,2023-07-10,Hyderabad,1,0,0,0,0.14368952052940073,Low
192,254,3,2,1840,3,2023-07-11,Chennai,0,0,0,0,0.7526361220499133,High
193,236,3,3,2416,1,2023-07-12,Hyderabad,1,0,0,0,0.6904953256749846,High
194,161,3,1,4512,1,2023-07-13,Bangalore,1,0,0,0,0.9039737717056349,High
195,264,2,2,577,3,2023-07-14,Chennai,1,0,0,0,0.20402914345673004,Low
196,150,2,0,4414,3,2023-07-15,Chennai,2,1,1,1,0.6708894932443944,High
197,271,3,1,4485,1,2023-07-16,Delhi,2,0,0,0,0.8095612050316247,High
198,251,3,1,569,3,2023-07-17,Bangalore,0,0,0,0,0.48963266597408367,Medium
199,158,3,2,2396,2,2023-07-18,Mumbai,0,0,0,0,0.8171610436098309,High
200,217,0,0,3947,4,2023-07-19,Delhi,1,0,0,0,0.4532691356477779,Medium
201,259,2,1,851,4,2023-07-20,Delhi,2,0,0,0,0.12181981589232231,Low
202,195,0,3,969,4,2023-07-21,Hyderabad,3,0,0,0,0.022768847117496716,Low
203,279,0,3,2621,2,2023-07-22,Hyderabad,3,0,0,0,0.07216369026553382,Low
204,212,3,3,980,3,2023-07-23,Hyderabad,1,0,0,0,0.44314244689421506,Medium
205,161,3,0,1916,3,2023-07-24,Delhi,1,0,0,0,0.5366419913136963,Medium
206,285,1,1,4183,1,2023-07-25,Mumbai,2,0,0,0,0.4607832167001389,Medium
207,151,1,3,1511,3,2023-07-26,Chennai,2,0,0,0,0.12644209997736974,Low
208,111,0,0,3559,1,2023-07-27,Hyderabad,2,0,0,0,0.1871449029236942,Low
209,138,2,3,722,2,2023-07-28,Mumbai,0,1,1,1,0.3992282986012228,Medium
210,229,3,2,721,4,2023-07-29,Bangalore,0,0,0,0,0.5678860977558118,Medium
211,230,3,1,2520,4,2023-07-30,Hyderabad,1,0,0,0,0.6956812180700849,High
212,212,0,1,1135,4,2023-07-31,Chennai,0,0,0,0,0.17369015508680227,Low
213,200,1,0,2430,3,2023-08-01,Bangalore,2,0,0,0,0.17203415957047122,Low
214,212,2,0,4240,1,2023-08-02,Bangalore,2,1,1,1,0.6087272786482976,High
215,283,1,1,4783,1,2023-08-03,Chennai,0,0,0,0,0.866930511811849,High
216,180,1,3,3897,2,2023-08-04,Hyderabad,3,0,0,0,0.30098975790428667,Medium
217,286,1,3,3037,3,2023-08-05,Delhi,1,0,0,0,0.5183976733561427,Medium
218,212,1,2,4283,2,2023-08-06,Chennai,3,0,0,0,0.34125557905853476,Medium
219,101,3,3,2661,1,2023-08-07,Chennai,1,0,0,0,0.7311429982575465,High
220,229,3,0,3443,1,2023-08-08,Chennai,3,0,0,0,0.4267387022768804,Medium
221,153,1,0,3559,4,2023-08-09,Bangalore,0,0,0,0,0.7215809974585314,High
222,186,2,3,885,3,2023-08-10,Mumbai,1,0,0,0,0.27183382872834944,Low
223,228,0,0,2360,1,2023-08-11,Delhi,1,0,0,0,0.15916857011325677,Low
224,246,2,1,4188,4,2023-08-12,Hyderabad,1,1,1,1,0.8167736930679149,High
225,225,2,1,4266,3,2023-08-13,Hyderabad,2,1,1,1,0.6725326009101079,High
226,229,2,3,1767,2,2023-08-14,Mumbai,2,0,0,0,0.24776377422099716,Low
227,152,1,1,238,3,2023-08-15,Chennai,3,0,0,0,0.018184102549865525,Low
228,271,3,1,2744,3,2023-08-16,Delhi,0,0,0,0,0.8476414731191586,High
229,259,2,2,1456,1,2023-08-17,Hyderabad,2,0,0,0,0.1745416739533542,Low
230,297,1,2,3190,1,2023-08-18,Hyderabad,1,0,0,0,0.4851503163012229,Medium
231,259,2,1,2396,3,2023-08-19,Chennai,2,0,0,0,0.31183533030021404,Medium
232,167,2,3,3668,1,2023-08-20,Mumbai,0,1,1,1,0.8707125101639789,High
233,282,1,2,2908,1,2023-08-21,Delhi,2,0,0,0,0.25721230379905713,Low
234,283,3,0,501,1,2023-08-22,Mumbai,1,0,0,0,0.2448424738389808,Low
235,222,3,0,846,4,2023-08-23,Mumbai,3,0,0,0,0.09979939994854585,Low
236,244,0,0,4958,4,2023-08-24,Delhi,1,0,0,0,0.6523886114738114,High
237,137,1,3,1959,3,2023-08-25,Delhi,0,0,0,0,0.49391298150400265,Medium
238,123,0,1,4551,1,2023-08-26,Hyderabad,3,0,0,0,0.21196175416803614,Low
239,168,0,0,797,4,2023-08-27,Hyderabad,2,0,0,0,0.029133567376937876,Low
240,215,0,3,861,3,2023-08-28,Delhi,2,0,0,0,0.04155773278961193,Low
241,197,3,2,4530,1,2023-08-29,Bangalore,2,0,0,0,0.8334923219069124,High
242,297,1,1,1568,2,2023-08-30,Hyderabad,3,0,0,0,0.04839057878498425,Low
243,238,0,2,2781,1,2023-08-31,Bangalore,1,0,0,0,0.2553857508806584,Low
244,243,1,3,4068,1,2023-09-01,Delhi,3,0,0,0,0.3166494531779041,Medium
245,196,1,0,3737,4,2023-09-02,Hyderabad,3,0,0,0,0.2273338175379252,Low
246,223,3,0,4508,3,2023-09-03,Mumbai,0,1,1,1,0.9532346430440202,High
247,286,0,3,4758,3,2023-09-04,Delhi,3,0,0,0,0.31818700691080787,Medium
248,169,0,0,482,4,2023-09-05,Chennai,2,0,0,0,0.022734809839454428,Low
249,192,1,1,3878,1,2023-09-06,Bangalore,1,0,0,0,0.5913444846519327,Medium
250,102,2,3,1686,2,2023-09-07,Delhi,1,0,0,0,0.4006311748598116,Medium
251,247,3,2,4282,1,2023-09-08,Delhi,1,0,0,0,0.8987455252048274,High
252,286,3,3,4383,1,2023-09-09,Hyderabad,2,0,0,0,0.834635425317209,High
253,263,3,1,660,2,2023-09-10,Hyderabad,2,0,0,0,0.17091657328595028,Low
254,246,3,1,2525,4,2023-09-11,Hyderabad,2,0,0,0,0.5144106736035263,Medium
255,189,0,3,3954,3,2023-09-12,Chennai,2,0,0,0,0.345549514791433,Medium
256,294,0,3,2668,4,2023-09-13,Hyderabad,2,0,0,0,0.16615748167277622,Low
257,246,2,0,1924,4,2023-09-14,Delhi,3,0,0,0,0.11832049218500802,Low
258,247,3,1,1576,1,2023-09-15,Hyderabad,2,0,0,0,0.2882892787428867,Low
259,195,3,3,2943,3,2023-09-16,Mumbai,2,0,0,0,0.6421609526428279,High
260,298,1,3,714,3,2023-09-17,Hyderabad,2,0,0,0,0.07064164340633189,Low
261,151,0,1,902,4,2023-09-18,Chennai,2,0,0,0,0.03576421134217031,Low
262,260,3,3,1853,2,2023-09-19,Mumbai,1,0,0,0,0.6016320665570483,High
263,267,2,0,2266,4,2023-09-20,Delhi,2,0,0,0,0.2771082561757181,Low
264,227,2,1,222,2,2023-09-21,Delhi,3,0,0,0,0.032721506647066106,Low
265,138,0,0,2660,3,2023-09-22,Bangalore,3,0,0,0,0.055265639129563796,Low
266,181,2,0,1504,4,2023-09-23,Mumbai,3,0,0,0,0.08723690452459756,Low
267,203,2,0,3500,1,2023-09-24,Bangalore,0,1,1,1,0.8006465470399844,High
268,228,0,0,561,4,2023-09-25,Mumbai,1,0,0,0,0.050988525316499965,Low
269,110,3,1,3927,3,2023-09-26,Mumbai,2,0,0,0,0.7550724089938967,High
270,284,3,0,1484,1,2023-09-27,Chennai,0,0,0,0,0.6085650536808223,High
271,277,2,0,714,1,2023-09-28,Bangalore,2,0,0,0,0.08260080809251025,Low
272,250,2,3,648,2,2023-09-29,Chennai,0,1,1,1,0.3849752042638077,Medium
273,258,3,1,2055,1,2023-09-30,Mumbai,0,0,0,0,0.7368743557910652,High
274,141,0,1,3762,1,2023-10-01,Delhi,3,0,0,0,0.12447047329220635,Low
275,198,2,2,2720,4,2023-10-02,Mumbai,3,0,0,0,0.24767625228855883,Low
276,106,1,1,3281,3,2023-10-03,Chennai,0,0,0,0,0.6878090336581781,High
277,243,0,1,1628,2,2023-10-04,Bangalore,3,0,0,0,0.02632628129143161,Low
278,189,2,2,4167,4,2023-10-05,Bangalore,0,1,1,1,0.9151282047872318,High
279,211,2,1,1122,1,2023-10-06,Chennai,1,0,0,0,0.23549292310482856,Low
280,159,1,1,3337,1,2023-10-07,Bangalore,3,0,0,0,0.16602415782679691,Low
281,212,1,1,2359,2,2023-10-08,Hyderabad,3,0,0,0,0.08789488063033928,Low
282,101,3,1,2747,3,2023-10-09,Delhi,3,0,0,0,0.3541269184786012,Medium
283,228,0,2,3179,2,2023-10-10,Delhi,1,0,0,0,0.3354498043727228,Medium
284,147,0,1,2481,4,2023-10-11,Delhi,0,0,0,0,0.38415592160316414,Medium
285,239,3,1,2849,2,2023-10-12,Bangalore,2,0,0,0,0.5473242322277111,Medium
286,296,0,2,513,1,2023-10-13,Bangalore,3,0,0,0,0.011551286461547726,Low
287,136,0,3,2813,4,2023-10-14,Mumbai,0,0,0,0,0.5126140207383404,Medium
288,259,0,0,3283,1,2023-10-15,Mumbai,1,0,0,0,0.28526005649246555,Low
289,108,0,3,2456,3,2023-10-16,Delhi,2,0,0,0,0.13596118679232613,Low
290,198,0,2,1237,1,2023-10-17,Hyderabad,3,0,0,0,0.020547605367617836,Low
291,246,1,0,3689,1,2023-10-18,Mumbai,1,0,0,0,0.5224182123275058,Medium
292,147,0,2,2834,2,2023-10-19,Mumbai,1,0,0,0,0.2763889074087451,Low
293,230,1,2,4183,1,2023-10-20,Bangalore,2,0,0,0,0.49246692271994086,Medium
294,247,0,1,1978,4,2023-10-21,Hyderabad,0,0,0,0,0.2935015930130963,Low
295,251,3,0,4095,4,2023-10-22,Delhi,3,0,0,0,0.6049610114810041,High
296,153,2,1,1324,3,2023-10-23,Mumbai,3,0,0,0,0.08083371980787074,Low
297,219,1,0,897,4,2023-10-24,Hyderabad,0,0,0,0,0.2316635688585324,Low
298,260,0,2,2379,2,2023-10-25,Hyderabad,0,0,0,0,0.364253606169762,Medium
299,251,3,2,1604,3,2023-10-26,Delhi,0,0,0,0,0.7154496990331619,High
300,215,2,3,1243,4,2023-10-27,Hyderabad,2,0,0,0,0.1971174823024432,Low
301,174,1,0,2129,2,2023-10-28,Hyderabad,2,0,0,0,0.13246439331503224,Low
302,212,2,1,1213,4,2023-10-29,Hyderabad,3,0,0,0,0.07900371121565723,Low
303,299,3,3,426,4,2023-10-30,Mumbai,2,0,0,0,0.20028585590599374,Low
304,263,1,3,2028,1,2023-10-31,Delhi,1,0,0,0,0.2949599056727796,Low
305,265,2,3,2223,4,2023-11-01,Hyderabad,3,0,0,0,0.20010589563953837,Low
306,203,0,1,2652,4,2023-11-02,Hyderabad,2,0,0,0,0.13237169862415465,Low
307,183,1,3,2285,2,2023-11-03,Mumbai,0,0,0,0,0.5434621312350018,Medium
308,211,2,1,4483,2,2023-11-04,Delhi,1,1,1,1,0.8324945310581376,High
309,198,3,3,1280,1,2023-11-05,Bangalore,0,0,0,0,0.658719008163093,High
310,252,3,1,2520,4,2023-11-06,Mumbai,3,0,0,0,0.32748552142145976,Medium
311,192,1,2,3390,1,2023-11-07,Delhi,0,1,1,1,0.7058699171812509,High
312,245,2,2,2830,4,2023-11-08,Hyderabad,2,0,0,0,0.4380815845641497,Medium
313,227,1,2,2763,3,2023-11-09,Delhi,2,0,0,0,0.2595980742390382,Low
314,209,1,2,3492,3,2023-11-10,Delhi,3,0,0,0,0.2258097187338742,Low
315,181,2,2,4821,1,2023-11-11,Delhi,0,1,1,1,0.9377309831091626,High
316,293,2,3,3786,1,2023-11-12,Bangalore,3,1,1,1,0.42141681750451765,Medium
317,153,0,3,4631,1,2023-11-13,Delhi,0,1,1,1,0.7900479201431543,High
318,262,2,3,3147,2,2023-11-14,Bangalore,1,1,1,1,0.6852168364615567,High
319,288,3,1,4159,2,2023-11-15,Hyderabad,2,0,0,0,0.7770442310416706,High
320,268,1,1,3013,2,2023-11-16,Bangalore,3,0,0,0,0.14050613781235127,Low
321,260,1,1,2783,1,2023-11-17,Hyderabad,1,0,0,0,0.3739324485887813,Medium
322,167,3,1,361,4,2023-11-18,Hyderabad,1,0,0,0,0.2853756530169652,Low
323,132,2,2,793,3,2023-11-19,Bangalore,3,0,0,0,0.06104605613867587,Low
324,241,3,2,3459,1,2023-11-20,Mumbai,3,0,0,0,0.4929682781929091,Medium
325,120,3,2,4355,2,2023-11-21,Chennai,1,0,0,0,0.9094692634853712,High
326,147,0,0,3162,2,2023-11-22,Delhi,0,0,0,0,0.4555453340952382,Medium
327,247,3,3,4088,1,2023-11-23,Chennai,1,0,0,0,0.8960084303493824,High
328,227,1,1,3590,1,2023-11-24,Delhi,3,0,0,0,0.19629516163734737,Low
329,235,3,1,4701,2,2023-11-25,Delhi,1,0,0,0,0.9212701937749209,High
330,234,1,2,863,4,2023-11-26,Hyderabad,0,0,0,0,0.2744208412315362,Low
331,294,1,1,1332,2,2023-11-27,Delhi,2,0,0,0,0.0834497730210391,Low
332,244,1,1,741,2,2023-11-28,Delhi,2,0,0,0,0.053454889327253355,Low
333,227,2,3,3174,1,2023-11-29,Bangalore,1,1,1,1,0.675870024315152,High
334,132,0,2,1067,4,2023-11-30,Chennai,0,0,0,0,0.18428302631333845,Low
335,275,1,3,2266,2,2023-12-01,Bangalore,2,0,0,0,0.19981328029463108,Low
336,286,1,0,631,2,2023-12-02,Delhi,1,0,0,0,0.08974657761571096,Low
337,214,2,0,4478,3,2023-12-03,Hyderabad,1,1,1,1,0.8230470305530899,High
338,218,1,0,1406,1,2023-12-04,Bangalore,0,0,0,0,0.2724862986559592,Low
339,121,3,2,2728,3,2023-12-05,Bangalore,3,0,0,0,0.3800710132358593,Medium
340,257,3,1,1369,3,2023-12-06,Mumbai,1,0,0,0,0.45805779984655903,Medium
341,137,0,2,1030,2,2023-12-07,Delhi,3,0,0,0,0.018583576419744424,Low
342,208,1,2,1851,1,2023-12-08,Hyderabad,3,0,0,0,0.0636907583749327,Low
343,150,2,1,1336,4,2023-12-09,Bangalore,2,0,0,0,0.1703197787434856,Low
344,281,3,3,3010,2,2023-12-10,Bangalore,3,0,0,0,0.4503858671147517,Medium
345,107,2,0,675,4,2023-12-11,Hyderabad,0,1,1,1,0.33221129596319837,Medium
346,126,2,3,3010,4,2023-12-12,Delhi,2,1,1,1,0.5058918374383455,Medium
347,126,3,0,1526,1,2023-12-13,Mumbai,2,0,0,0,0.25518076986720944,Low
348,120,2,2,1219,3,2023-12-14,Bangalore,2,0,0,0,0.16580234711940592,Low
349,129,3,0,2036,1,2023-12-15,Mumbai,1,0,0,0,0.5285135218086736,Medium
350,196,2,2,4456,4,2023-12-16,Chennai,1,1,1,1,0.8627446820308823,High
351,127,3,3,2648,2,2023-12-17,Delhi,3,0,0,0,0.379503271103954,Medium
352,210,1,2,4493,4,2023-12-18,Chennai,2,0,0,0,0.602245950172114,High
353,291,0,3,1483,2,2023-12-19,Chennai,2,0,0,0,0.06295095441607708,Low
354,296,3,1,859,2,2023-12-20,Chennai,0,0,0,0,0.5319736760653903,Medium
355,160,3,1,2210,1,2023-12-21,Delhi,3,0,0,0,0.23784215268186654,Low
356,147,0,1,598,4,2023-12-22,Delhi,0,0,0,0,0.11986955237199268,Low
357,246,3,2,1933,3,2023-12-23,Hyderabad,3,0,0,0,0.24384470192669774,Low
358,103,3,1,2325,4,2023-12-24,Mumbai,3,0,0,0,0.2937653176076135,Low
359,134,2,0,2371,4,2023-12-25,Mumbai,1,0,0,0,0.4748215305136784,Medium
360,291,0,3,274,3,2023-12-26,Hyderabad,1,0,0,0,0.05523163068631256,Low
361,148,1,3,4897,1,2023-12-27,Hyderabad,0,1,1,1,0.9020599769256666,High
362,116,3,0,3671,4,2023-12-28,Chennai,3,0,0,0,0.5208703002571503,Medium
363,271,0,2,1036,4,2023-12-29,Hyderabad,2,0,0,0,0.044828685815590734,Low
364,257,2,2,699,2,2023-12-30,Bangalore,1,0,0,0,0.2095695690252805,Low
365,145,1,3,337,4,2023-12-31,Mumbai,2,0,0,0,0.05642693448799837,Low
366,216,0,1,2297,3,2024-01-01,Hyderabad,0,0,0,0,0.3350444067799386,Medium
367,105,1,2,3896,2,2024-01-02,Bangalore,1,0,0,0,0.6401333231993236,High
368,198,1,2,2085,1,2024-01-03,Bangalore,1,0,0,0,0.278401037490617,Low
369,223,1,0,2957,2,2024-01-04,Bangalore,3,0,0,0,0.12095648429074321,Low
370,136,3,0,4120,3,2024-01-05,Bangalore,0,1,1,1,0.9370951461243273,High
371,123,3,1,2100,3,2024-01-06,Chennai,3,0,0,0,0.24530490749350892,Low
372,192,2,2,2810,2,2024-01-07,Bangalore,1,0,0,0,0.5935001594602516,Medium
373,145,2,2,4186,1,2024-01-08,Chennai,0,1,1,1,0.9001446241126297,High
374,280,0,0,1649,2,2024-01-09,Chennai,1,0,0,0,0.10209160826327986,Low
375,194,2,2,746,1,2024-01-10,Bangalore,0,1,1,1,0.3586665262778153,Medium
376,198,1,3,4876,2,2024-01-11,Mumbai,1,0,0,0,0.8168233528284015,High
377,287,1,0,2203,3,2024-01-12,Bangalore,2,0,0,0,0.14745212861107815,Low
378,215,3,1,2296,4,2024-01-13,Bangalore,2,0,0,0,0.4681918736342879,Medium
379,290,1,0,903,4,2024-01-14,Bangalore,3,0,0,0,0.028925320339285528,Low
380,259,0,2,2603,1,2024-01-15,Mumbai,2,0,0,0,0.12056006276392736,Low
381,260,1,1,1825,1,2024-01-16,Delhi,1,0,0,0,0.21592429186543452,Low
382,166,1,0,3531,1,2024-01-17,Delhi,1,0,0,0,0.49051300582321633,Medium
383,227,0,3,4933,3,2024-01-18,Chennai,2,0,0,0,0.538052652451491,Medium
384,117,2,3,3178,2,2024-01-19,Chennai,3,1,1,1,0.3222410071195036,Medium
385,124,2,0,4936,3,2024-01-20,Mumbai,2,1,1,1,0.7565870160090092,High
386,153,0,3,3039,4,2024-01-21,Hyderabad,0,1,1,1,0.5580139413846961,Medium
387,157,3,3,3584,1,2024-01-22,Delhi,0,1,1,1,0.9255001404449956,High
388,166,1,3,2859,2,2024-01-23,Chennai,0,0,0,0,0.6543371007147825,High
389,203,0,1,2061,4,2024-01-24,Delhi,2,0,0,0,0.08645108820117918,Low
390,273,1,3,3056,4,2024-01-25,Mumbai,2,0,0,0,0.3499169101257019,Medium
391,123,3,3,885,4,2024-01-26,Mumbai,2,0,0,0,0.2662809699237513,Low
392,213,1,3,4483,3,2024-01-27,Hyderabad,0,0,0,0,0.8824031587217268,High
393,131,0,1,1819,1,2024-01-28,Hyderabad,3,0,0,0,0.028721444008165658,Low
394,274,1,0,4843,4,2024-01-29,Mumbai,1,0,0,0,0.7714940568800258,High
395,185,2,2,1631,1,2024-01-30,Chennai,2,0,0,0,0.19586344610010673,Low
396,250,3,3,1075,3,2024-01-31,Delhi,3,0,0,0,0.1547213211008237,Low
397,293,3,0,4913,4,2024-02-01,Bangalore,1,0,0,0,0.9329948773624207,High
398,226,3,3,2661,3,2024-02-02,Hyderabad,1,0,0,0,0.7558497884304567,High
399,254,0,1,1565,3,2024-02-03,Bangalore,1,0,0,0,0.11403108619742164,Low
400,229,3,0,1443,1,2024-02-04,Chennai,3,0,0,0,0.12881888780211126,Low
401,116,2,1,362,4,2024-02-05,Hyderabad,3,0,0,0,0.041340820740774234,Low
402,203,0,3,2174,3,2024-02-06,Bangalore,0,0,0,0,0.37034264799569494,Medium
403,260,2,3,3491,4,2024-02-07,Chennai,3,1,1,1,0.4107379063049066,Medium
404,236,1,1,469,1,2024-02-08,Delhi,3,0,0,0,0.019231136076576127,Low
405,142,1,2,831,3,2024-02-09,Chennai,3,0,0,0,0.03284447343917332,Low
406,275,1,1,1105,1,2024-02-10,Hyderabad,1,0,0,0,0.13337566329470046,Low
407,138,1,3,3671,4,2024-02-11,Mumbai,2,0,0,0,0.46943799617397874,Medium
408,269,2,1,3453,4,2024-02-12,Delhi,0,1,1,1,0.8420894592463309,High
409,125,0,2,2214,1,2024-02-13,Bangalore,2,0,0,0,0.09099862292245625,Low
410,198,0,1,1841,2,2024-02-14,Hyderabad,2,0,0,0,0.06505967929095573,Low
411,149,3,2,404,3,2024-02-15,Mumbai,3,0,0,0,0.08569609943117985,Low
412,252,2,2,781,4,2024-02-16,Chennai,0,1,1,1,0.411340315821278,Medium
413,251,1,1,1040,4,2024-02-17,Mumbai,2,0,0,0,0.07566784640427801,Low
414,112,2,1,1919,3,2024-02-18,Hyderabad,2,0,0,0,0.23558592199254164,Low
415,159,3,0,2843,1,2024-02-19,Hyderabad,0,0,0,0,0.8233981035377017,High
416,234,3,3,2497,1,2024-02-20,Mumbai,3,0,0,0,0.33659605719625235,Medium
417,156,2,2,1074,1,2024-02-21,Chennai,2,0,0,0,0.13441386183018886,Low
418,135,2,0,889,2,2024-02-22,Mumbai,1,0,0,0,0.1933969575726505,Low
419,272,2,1,4200,2,2024-02-23,Hyderabad,2,1,1,1,0.646001759983835,High
420,119,0,3,3341,4,2024-02-24,Hyderabad,1,0,0,0,0.426527047074985,Medium
421,164,1,0,1622,1,2024-02-25,Bangalore,3,0,0,0,0.04200393444373135,Low
422,107,2,2,871,3,2024-02-26,Bangalore,2,0,0,0,0.13045912090218625,Low
423,243,2,0,1371,4,2024-02-27,Delhi,0,1,1,1,0.466117578908926,Medium
424,241,2,2,3926,3,2024-02-28,Hyderabad,0,1,1,1,0.8926736326678327,High
425,214,3,1,1143,4,2024-02-29,Bangalore,2,0,0,0,0.2574650851449343,Low
426,242,3,3,1649,2,2024-03-01,Mumbai,3,0,0,0,0.21433583361220163,Low
427,191,0,3,3937,4,2024-03-02,Chennai,3,0,0,0,0.2041133527681822,Low
428,197,1,3,2739,2,2024-03-03,Mumbai,0,0,0,0,0.6320874034201465,High
429,165,0,1,4159,4,2024-03-04,Chennai,2,0,0,0,0.3402258193872516,Medium
430,131,1,2,4460,1,2024-03-05,Bangalore,3,0,0,0,0.35905257719462846,Medium
431,290,3,1,2561,3,2024-03-06,Delhi,0,0,0,0,0.8275457387753345,High
432,185,3,3,3852,1,2024-03-07,Mumbai,1,0,0,0,0.8768485954083778,High
433,150,3,1,3870,4,2024-03-08,Mumbai,2,0,0,0,0.7585235795315889,High
434,252,0,1,1953,4,2024-03-09,Mumbai,1,0,0,0,0.15817913753557244,Low
435,285,2,1,2552,4,2024-03-10,Chennai,1,0,0,0,0.5430255647495673,Medium
436,162,2,2,2138,2,2024-03-11,Bangalore,3,0,0,0,0.15303285898876046,Low
437,289,3,0,570,3,2024-03-12,Mumbai,3,0,0,0,0.07675218119465846,Low
438,224,2,0,4679,3,2024-03-13,Mumbai,3,1,1,1,0.5382176132503795,Medium
439,249,2,1,2131,4,2024-03-14,Delhi,2,0,0,0,0.28071974756973284,Low
440,157,0,0,624,4,2024-03-15,Delhi,1,0,0,0,0.05350919810995334,Low
441,157,1,0,4924,2,2024-03-16,Bangalore,2,0,0,0,0.5937280018966361,Medium
442,185,3,1,1094,1,2024-03-17,Bangalore,3,0,0,0,0.11240305615638319,Low
443,148,3,1,797,1,2024-03-18,Hyderabad,1,0,0,0,0.3186359400111898,Medium
444,279,0,3,3262,3,2024-03-19,Delhi,2,0,0,0,0.23185072622872818,Low
445,269,0,0,2536,2,2024-03-20,Hyderabad,2,0,0,0,0.09703795294845925,Low
446,169,2,2,4888,4,2024-03-21,Chennai,0,1,1,1,0.9507615584236305,High
447,114,3,1,1887,3,2024-03-22,Hyderabad,2,0,0,0,0.37221008870108396,Medium
448,153,1,3,772,2,2024-03-23,Mumbai,3,0,0,0,0.03331015968983585,Low
449,287,0,2,2290,1,2024-03-24,Hyderabad,2,0,0,0,0.09620824853981409,Low
450,200,1,0,3869,2,2024-03-25,Bangalore,1,0,0,0,0.5744455361487619,Medium
451,107,1,3,4472,1,2024-03-26,Chennai,2,0,0,0,0.581874272140735,Medium
452,152,3,1,4824,2,2024-03-27,Mumbai,0,1,1,1,0.9655214223442128,High
453,159,3,2,1833,3,2024-03-28,Hyderabad,1,0,0,0,0.5826999057459189,Medium
454,207,0,1,1717,1,2024-03-29,Chennai,1,0,0,0,0.11334661364731258,Low
455,104,3,0,4493,3,2024-03-30,Chennai,0,0,0,0,0.9526912835318176,High
456,202,3,2,2857,3,2024-03-31,Mumbai,3,0,0,0,0.404922192977818,Medium
457,295,3,0,3848,1,2024-04-01,Hyderabad,1,0,0,0,0.8289949583986574,High
458,105,1,0,3788,1,2024-04-02,Chennai,3,0,0,0,0.20154642977946405,Low
459,208,0,3,1737,4,2024-04-03,Chennai,1,0,0,0,0.16906255801825681,Low
460,215,2,1,3337,4,2024-04-04,Delhi,1,1,1,1,0.6914519304978104,High
461,193,1,2,297,4,2024-04-05,Chennai,3,0,0,0,0.02299295861677797,Low
462,146,3,0,3415,3,2024-04-06,Delhi,1,0,0,0,0.7954714831459337,High
463,198,1,0,4730,3,2024-04-07,Hyderabad,3,0,0,0,0.38089220108237576,Medium
464,154,3,2,4932,4,2024-04-08,Hyderabad,0,0,0,0,0.9753084770533815,High
465,267,3,0,3950,3,2024-04-09,Hyderabad,3,0,0,0,0.5607447126157202,Medium
466,151,1,3,3357,3,2024-04-10,Bangalore,0,0,0,0,0.7512752703395629,High
467,243,0,3,4883,1,2024-04-11,Hyderabad,1,0,0,0,0.6804122263169861,High
468,112,3,3,543,1,2024-04-12,Chennai,3,0,0,0,0.09469600918032565,Low
469,213,0,3,4866,3,2024-04-13,Mumbai,1,0,0,0,0.7050698122995328,High
470,223,2,0,810,4,2024-04-14,Delhi,3,0,0,0,0.05172538181319966,Low
471,205,3,2,1927,2,2024-04-15,Bangalore,0,0,0,0,0.7536573738111589,High
472,257,0,2,2490,4,2024-04-16,Hyderabad,0,0,0,0,0.4163885349119791,Medium
473,246,0,2,2054,2,2024-04-17,Hyderabad,3,0,0,0,0.04151945976224389,Low
474,244,2,2,2808,4,2024-04-18,Mumbai,0,1,1,1,0.7823927539412484,High
475,219,0,1,2279,1,2024-04-19,Mumbai,1,0,0,0,0.16758631473238048,Low
476,162,0,2,2524,3,2024-04-20,Bangalore,1,0,0,0,0.24082668051247952,Low
477,118,2,1,4827,3,2024-04-21,Delhi,2,1,1,1,0.7636916475997675,High
478,191,3,1,1377,1,2024-04-22,Hyderabad,0,0,0,0,0.6181891851235011,High
479,157,0,3,1291,2,2024-04-23,Bangalore,1,0,0,0,0.11082476169304957,Low
480,282,0,1,2991,2,2024-04-24,Chennai,3,0,0,0,0.07522835042390195,Low
481,189,0,0,1949,2,2024-04-25,Chennai,0,0,0,0,0.23892925070637583,Low
482,216,1,1,2875,1,2024-04-26,Bangalore,1,0,0,0,0.39149447997703035,Medium
483,161,2,3,981,2,2024-04-27,Hyderabad,0,1,1,1,0.45032089032632167,Medium
484,122,1,1,3248,1,2024-04-28,Bangalore,3,0,0,0,0.1563032281663024,Low
485,226,2,0,2305,4,2024-04-29,Hyderabad,1,0,0,0,0.4615420755711636,Medium
486,236,3,0,4067,4,2024-04-30,Mumbai,2,0,0,0,0.7643628531302812,High
487,239,3,0,4742,1,2024-05-01,Bangalore,2,0,0,0,0.8216837830086511,High
488,228,0,3,2313,3,2024-05-02,Hyderabad,0,0,0,0,0.39689580634970145,Medium
489,157,2,3,4170,4,2024-05-03,Bangalore,3,1,1,1,0.546814683807538,Medium
490,221,3,2,2191,2,2024-05-04,Bangalore,1,0,0,0,0.6360740828279471,High
491,100,2,3,1267,1,2024-05-05,Hyderabad,3,0,0,0,0.08685493963506984,Low
492,133,3,0,1777,2,2024-05-06,Hyderabad,1,0,0,0,0.49242194237506975,Medium
493,195,1,0,1211,2,2024-05-07,Delhi,0,0,0,0,0.25448823813879956,Low
494,225,3,3,2474,3,2024-05-08,Bangalore,1,0,0,0,0.7268973440842954,High
495,217,1,1,2014,2,2024-05-09,Chennai,3,0,0,0,0.06796226199934945,Low
496,147,3,3,2626,3,2024-05-10,Bangalore,3,0,0,0,0.39064035377121265,Medium
497,188,0,3,4602,4,2024-05-11,Bangalore,0,1,1,1,0.8170104327783438,High
498,216,1,0,2751,1,2024-05-12,Hyderabad,3,0,0,0,0.09843866262016683,Low
499,228,3,2,3857,2,2024-05-13,Bangalore,1,0,0,0,0.8704247905196707,High
500,115,0,0,207,1,2024-05-14,Bangalore,0,0,0,0,0.06716054558271738,Low
501,288,1,2,2755,2,2024-05-15,Chennai,1,0,0,0,0.4143185970716041,Medium
502,291,0,0,675,1,2024-05-16,Hyderabad,3,0,0,0,0.010226105891648705,Low
503,290,2,3,2411,2,2024-05-17,Bangalore,0,1,1,1,0.7223725164752702,High
504,168,2,0,684,2,2024-05-18,Mumbai,1,0,0,0,0.16885628485771265,Low
505,121,1,0,4854,2,2024-05-19,Delhi,3,0,0,0,0.3892730608214492,Medium
506,192,3,0,2485,2,2024-05-20,Chennai,3,0,0,0,0.2680478624561619,Low
507,294,1,3,4763,2,2024-05-21,Bangalore,2,0,0,0,0.6525925568316798,High
508,175,0,3,3725,2,2024-05-22,Mumbai,3,0,0,0,0.15952912656943305,Low
509,253,3,3,3539,2,2024-05-23,Bangalore,1,0,0,0,0.8550520865363546,High
510,243,2,3,3022,2,2024-05-24,Bangalore,0,1,1,1,0.8100033647950867,High
511,278,3,2,3124,2,2024-05-25,Hyderabad,2,0,0,0,0.6316165612375227,High
512,185,2,2,458,1,2024-05-26,Hyderabad,3,0,0,0,0.04174664559137278,Low
513,284,3,1,482,3,2024-05-27,Hyderabad,3,0,0,0,0.0808111626427943,Low
514,128,3,3,2098,2,2024-05-28,Mumbai,3,0,0,0,0.28168230013369583,Low
515,168,3,2,4335,3,2024-05-29,Bangalore,1,0,0,0,0.9133960261784929,High
516,146,0,0,3176,2,2024-05-30,Delhi,2,0,0,0,0.1527269811303601,Low
517,193,0,3,2467,2,2024-05-31,Chennai,1,0,0,0,0.24379666651899276,Low
518,289,1,1,3400,1,2024-06-01,Hyderabad,2,0,0,0,0.3121770947592914,Medium
519,296,1,1,812,4,2024-06-02,Hyderabad,0,0,0,0,0.24221431147246267,Low
520,243,2,1,887,4,2024-06-03,Bangalore,1,0,0,0,0.23630988660904506,Low
521,275,0,0,3890,1,2024-06-04,Bangalore,1,0,0,0,0.3946090898069464,Medium
522,184,2,2,812,3,2024-06-05,Mumbai,0,1,1,1,0.40174731121077234,Medium
523,138,1,0,2507,4,2024-06-06,Mumbai,2,0,0,0,0.19088999824955283,Low
524,199,2,3,3213,1,2024-06-07,Hyderabad,3,1,1,1,0.3143151346564383,Medium
525,132,1,1,1981,1,2024-06-08,Bangalore,0,0,0,0,0.40364251100807197,Medium
526,200,0,0,2791,4,2024-06-09,Delhi,3,0,0,0,0.06488386389950795,Low
527,122,3,0,2896,3,2024-06-10,Chennai,3,0,0,0,0.3526089798070597,Medium
528,109,0,2,4158,1,2024-06-11,Bangalore,0,1,1,1,0.6933675394619475,High
529,168,2,2,774,2,2024-06-12,Bangalore,2,0,0,0,0.11505558848422758,Low
530,199,2,1,2110,3,2024-06-13,Mumbai,3,0,0,0,0.14235361497814578,Low
531,133,0,0,3804,3,2024-06-14,Chennai,0,1,1,1,0.5999721074348193,Medium
532,279,0,0,869,4,2024-06-15,Hyderabad,1,0,0,0,0.06446993570957156,Low
533,237,1,2,4564,4,2024-06-16,Bangalore,1,0,0,0,0.7765038696874192,High
534,246,2,0,1483,2,2024-06-17,Hyderabad,1,0,0,0,0.27927638481293576,Low
535,285,2,0,1123,1,2024-06-18,Bangalore,0,1,1,1,0.3703769781412515,Medium
536,195,0,0,1325,4,2024-06-19,Hyderabad,1,0,0,0,0.09059396285685295,Low
537,100,3,2,1729,4,2024-06-20,Chennai,3,0,0,0,0.22587349105461935,Low
538,168,2,1,1794,3,2024-06-21,Mumbai,1,0,0,0,0.3764008285348322,Medium
539,103,3,3,446,4,2024-06-22,Chennai,1,0,0,0,0.3554544887732516,Medium
540,115,0,1,3911,4,2024-06-23,Delhi,3,0,0,0,0.16302322506446662,Low
541,123,0,3,1760,4,2024-06-24,Mumbai,1,0,0,0,0.17168977132701796,Low
542,179,1,0,2600,4,2024-06-25,Chennai,3,0,0,0,0.10505496249096755,Low
543,101,2,1,2443,3,2024-06-26,Delhi,1,0,0,0,0.5049066654886785,Medium
544,227,3,3,4064,2,2024-06-27,Bangalore,3,0,0,0,0.6576105277471128,High
545,259,1,2,2139,2,2024-06-28,Bangalore,1,0,0,0,0.3007029497950053,Medium
546,183,2,2,3269,1,2024-06-29,Hyderabad,3,1,1,1,0.29695885586463716,Low
547,251,1,1,426,4,2024-06-30,Mumbai,0,0,0,0,0.18961429582945027,Low
548,239,0,1,3747,3,2024-07-01,Bangalore,3,0,0,0,0.13785122744362932,Low
549,277,2,0,464,1,2024-07-02,Mumbai,1,0,0,0,0.13748241157290458,Low
550,262,1,1,1595,1,2024-07-03,Bangalore,1,0,0,0,0.18611579054220767,Low
551,223,1,0,3757,2,2024-07-04,Hyderabad,2,0,0,0,0.36269254746380486,Medium
552,132,3,0,845,3,2024-07-05,Chennai,3,0,0,0,0.09405674602863938,Low
553,260,1,2,3190,3,2024-07-06,Hyderabad,0,0,0,0,0.6991831592785265,High
554,288,2,2,2099,3,2024-07-07,Delhi,3,0,0,0,0.1573987076629728,Low
555,278,2,3,2704,2,2024-07-08,Bangalore,3,0,0,0,0.24479859715065388,Low
556,270,3,2,2972,2,2024-07-09,Delhi,0,0,0,0,0.8768266916914604,High
557,200,2,2,1354,2,2024-07-10,Delhi,3,0,0,0,0.08749689865585895,Low
558,111,0,1,787,2,2024-07-11,Mumbai,0,0,0,0,0.12232897908130426,Low
559,166,2,2,4771,2,2024-07-12,Bangalore,0,1,1,1,0.939141068169838,High
560,164,2,3,2021,4,2024-07-13,Delhi,3,0,0,0,0.17524864086124653,Low
561,260,1,1,1185,4,2024-07-14,Chennai,3,0,0,0,0.04074842559519743,Low
562,267,1,3,4279,3,2024-07-15,Delhi,1,0,0,0,0.7459882416412554,High
563,173,2,2,3548,1,2024-07-16,Chennai,1,1,1,1,0.7130091207351795,High
564,142,3,3,4031,3,2024-07-17,Mumbai,2,0,0,0,0.8121449272323226,High
565,143,1,1,1441,1,2024-07-18,Delhi,2,0,0,0,0.08524710027848069,Low
566,128,3,0,389,2,2024-07-19,Hyderabad,3,0,0,0,0.06306763581727437,Low
567,240,2,3,1180,1,2024-07-20,Mumbai,0,1,1,1,0.47418050795868805,Medium
568,111,2,3,1898,3,2024-07-21,Chennai,2,0,0,0,0.28092175911488904,Low
569,194,0,1,1915,3,2024-07-22,Mumbai,3,0,0,0,0.03510219267376492,Low
570,145,1,1,2793,1,2024-07-23,Delhi,2,0,0,0,0.21746520513672382,Low
571,229,2,3,4336,4,2024-07-24,Bangalore,0,1,1,1,0.9334884390187052,High
572,134,0,2,4633,2,2024-07-25,Bangalore,3,0,0,0,0.2582654718011448,Low
573,180,1,3,1298,2,2024-07-26,Chennai,0,0,0,0,0.34902170213787287,Medium
574,189,2,1,2526,3,2024-07-27,Chennai,3,0,0,0,0.18851429288455213,Low
575,107,2,0,3447,4,2024-07-28,Bangalore,2,1,1,1,0.4988894512228202,Medium
576,192,1,0,1095,1,2024-07-29,Chennai,1,0,0,0,0.11851455792055507,Low
577,253,1,2,1874,2,2024-07-30,Mumbai,2,0,0,0,0.1380826902746707,Low
578,189,1,3,3109,4,2024-07-31,Hyderabad,2,0,0,0,0.35972147350306277,Medium
579,261,2,0,1130,2,2024-08-01,Hyderabad,1,0,0,0,0.22559983825028038,Low
580,214,2,3,4584,4,2024-08-02,Mumbai,1,1,1,1,0.8878308095019583,High
581,204,0,1,923,4,2024-08-03,Hyderabad,3,0,0,0,0.017113684395144577,Low
582,234,3,0,3140,3,2024-08-04,Delhi,3,0,0,0,0.39881490243039874,Medium
583,295,1,2,1289,2,2024-08-05,Mumbai,0,0,0,0,0.31915216604155044,Medium
584,157,2,1,4778,1,2024-08-06,Chennai,0,1,1,1,0.9275865369796269,High
585,213,2,2,1135,3,2024-08-07,Mumbai,2,0,0,0,0.15662498191046678,Low
586,174,1,1,2495,3,2024-08-08,Bangalore,1,0,0,0,0.3501234104131348,Medium
587,256,3,0,355,1,2024-08-09,Chennai,0,0,0,0,0.38435557561031597,Medium
588,219,1,2,1270,3,2024-08-10,Bangalore,2,0,0,0,0.09495288458364765,Low
589,263,3,2,2158,4,2024-08-11,Chennai,1,0,0,0,0.6595581501634092,High
590,120,2,1,2701,4,2024-08-12,Hyderabad,3,0,0,0,0.22210275785096098,Low
591,263,3,2,4419,2,2024-08-13,Mumbai,2,0,0,0,0.8300095190656319,High
592,237,0,1,4030,2,2024-08-14,Delhi,3,0,0,0,0.1585088574542209,Low
593,200,2,1,1054,1,2024-08-15,Chennai,0,1,1,1,0.38715049320604766,Medium
594,251,0,1,839,2,2024-08-16,Chennai,0,0,0,0,0.126912846927877,Low
595,291,1,1,2438,4,2024-08-17,Bangalore,1,0,0,0,0.3544018608933586,Medium
596,276,1,0,1802,1,2024-08-18,Hyderabad,2,0,0,0,0.09899708751687832,Low
597,198,1,1,641,1,2024-08-19,Bangalore,3,0,0,0,0.02203575539071787,Low
598,135,3,3,4828,2,2024-08-20,Bangalore,1,0,0,0,0.9435596726940783,High
599,195,2,2,1536,4,2024-08-21,Hyderabad,0,1,1,1,0.5625987245683776,Medium
600,251,1,3,3900,1,2024-08-22,Delhi,0,1,1,1,0.8044926392848263,High
601,250,1,0,1148,4,2024-08-23,Bangalore,2,0,0,0,0.07293230921747085,Low
602,289,2,3,3573,4,2024-08-24,Bangalore,3,1,1,1,0.42686620267557646,Medium
603,136,1,2,659,4,2024-08-25,Chennai,2,0,0,0,0.06395027924582869,Low
604,111,0,3,4846,2,2024-08-26,Hyderabad,3,0,0,0,0.31955557861213424,Medium
605,212,2,0,592,3,2024-08-27,Mumbai,3,0,0,0,0.04110372902439646,Low
606,282,2,1,4138,3,2024-08-28,Delhi,2,1,1,1,0.6493585024465819,High
607,112,2,3,1987,1,2024-08-29,Delhi,1,0,0,0,0.4441338227177393,Medium
608,122,0,0,2457,4,2024-08-30,Hyderabad,2,0,0,0,0.10295707763571525,Low
609,198,2,0,1338,2,2024-08-31,Chennai,2,0,0,0,0.1372369186764408,Low
610,204,0,2,4008,4,2024-09-01,Chennai,0,0,0,0,0.7087114945280105,High
611,129,2,2,4941,4,2024-09-02,Hyderabad,0,1,1,1,0.9527283866364609,High
612,116,3,3,2654,2,2024-09-03,Chennai,2,0,0,0,0.5711119887062088,Medium
613,212,1,1,1666,3,2024-09-04,Delhi,2,0,0,0,0.11288153730919376,Low
614,161,3,0,3874,4,2024-09-05,Delhi,0,0,0,0,0.9287188901369385,High
615,183,1,3,1577,4,2024-09-06,Mumbai,3,0,0,0,0.0699253960804791,Low
616,211,0,0,2797,3,2024-09-07,Hyderabad,2,0,0,0,0.12402656707928296,Low
617,185,3,0,341,2,2024-09-08,Bangalore,1,0,0,0,0.2331161816460066,Low
618,240,2,1,2859,1,2024-09-09,Bangalore,1,0,0,0,0.5563057666561841,Medium
619,286,1,1,4796,3,2024-09-10,Mumbai,1,0,0,0,0.7757423719480426,High
620,118,1,3,1039,1,2024-09-11,Mumbai,2,0,0,0,0.07988872633720225,Low
621,276,3,1,3818,1,2024-09-12,Chennai,3,0,0,0,0.5336831068487766,Medium
622,199,0,1,4117,3,2024-09-13,Mumbai,3,0,0,0,0.177373826418744,Low
623,239,3,3,795,4,2024-09-14,Mumbai,0,0,0,0,0.6130353247388309,High
624,288,0,1,2104,1,2024-09-15,Bangalore,2,0,0,0,0.07464370569708834,Low
625,246,0,2,480,1,2024-09-16,Chennai,3,0,0,0,0.01125072243932046,Low
626,175,1,0,623,2,2024-09-17,Mumbai,2,0,0,0,0.04325616058123116,Low
627,108,3,0,4565,4,2024-09-18,Mumbai,0,1,1,1,0.9579363329108257,High
628,298,3,0,4449,1,2024-09-19,Chennai,0,1,1,1,0.9446641642021179,High
629,127,0,0,1950,2,2024-09-20,Hyderabad,0,0,0,0,0.23907623489111887,Low
630,227,3,3,4957,4,2024-09-21,Chennai,1,0,0,0,0.954797844552303,High
631,151,2,0,2167,3,2024-09-22,Bangalore,2,0,0,0,0.24905259301309451,Low
632,182,2,0,4288,3,2024-09-23,Hyderabad,0,1,1,1,0.8963007588061407,High
633,210,3,0,4378,2,2024-09-24,Delhi,2,0,0,0,0.7855740587786192,High
634,243,3,0,3146,3,2024-09-25,Chennai,1,0,0,0,0.7578336303326991,High
635,216,0,2,1649,1,2024-09-26,Bangalore,1,0,0,0,0.12079730462225534,Low
636,168,2,0,2531,4,2024-09-27,Hyderabad,0,1,1,1,0.6903381073765752,High
637,198,2,2,2420,1,2024-09-28,Chennai,0,1,1,1,0.6838806864116495,High
638,239,1,3,3989,1,2024-09-29,Mumbai,3,0,0,0,0.30299940781765283,Medium
639,124,0,1,3010,3,2024-09-30,Chennai,2,0,0,0,0.16034659300497292,Low
640,279,1,0,4928,1,2024-10-01,Delhi,0,1,1,1,0.8657871043555867,High
641,222,2,1,1731,3,2024-10-02,Chennai,3,0,0,0,0.1088869273799856,Low
642,152,0,1,3190,4,2024-10-03,Hyderabad,2,0,0,0,0.1907148142843221,Low
643,250,3,3,4693,4,2024-10-04,Hyderabad,0,1,1,1,0.9736659281045225,High
644,243,0,1,1343,1,2024-10-05,Chennai,3,0,0,0,0.019730880798780905,Low
645,156,3,2,1133,2,2024-10-06,Hyderabad,3,0,0,0,0.13669226018142017,Low
646,138,3,1,1660,3,2024-10-07,Mumbai,2,0,0,0,0.33044035488347495,Medium
647,208,0,1,2923,3,2024-10-08,Chennai,3,0,0,0,0.07591728756392142,Low
648,280,3,1,2712,1,2024-10-09,Mumbai,2,0,0,0,0.5035838816454938,Medium
649,141,1,0,485,3,2024-10-10,Mumbai,2,0,0,0,0.041363859725689685,Low
650,285,2,0,464,3,2024-10-11,Bangalore,2,0,0,0,0.07727735502212836,Low
651,266,3,2,2567,2,2024-10-12,Chennai,1,0,0,0,0.7031250988606436,High
652,241,1,2,3647,2,2024-10-13,Hyderabad,3,0,0,0,0.23655169362583447,Low
653,221,3,0,1962,1,2024-10-14,Mumbai,2,0,0,0,0.32765246122232516,Medium
654,232,2,2,3248,2,2024-10-15,Bangalore,0,1,1,1,0.8184105067822219,High
655,262,1,0,2581,1,2024-10-16,Chennai,1,0,0,0,0.3088113839691441,Medium
656,174,2,3,2469,4,2024-10-17,Chennai,1,0,0,0,0.5889349961380735,Medium
657,245,2,1,240,1,2024-10-18,Delhi,3,0,0,0,0.031167307268449813,Low
658,175,1,1,267,4,2024-10-19,Delhi,2,0,0,0,0.04199077082504571,Low
659,108,1,2,1187,1,2024-10-20,Mumbai,3,0,0,0,0.03825375640966498,Low
660,173,1,0,4208,3,2024-10-21,Delhi,1,0,0,0,0.6544788403037884,High
661,285,0,0,3398,2,2024-10-22,Mumbai,2,0,0,0,0.17741432590147474,Low
662,244,1,2,4990,4,2024-10-23,Hyderabad,0,1,1,1,0.9139518911097005,High
663,106,1,0,2724,1,2024-10-24,Mumbai,2,0,0,0,0.18796062300784644,Low
664,273,1,3,1285,2,2024-10-25,Delhi,1,0,0,0,0.1967004371952573,Low
665,240,1,1,2679,1,2024-10-26,Hyderabad,0,0,0,0,0.5433331371560937,Medium
666,267,3,2,1893,2,2024-10-27,Delhi,2,0,0,0,0.38801644379925476,Medium
667,269,0,2,2515,2,2024-10-28,Mumbai,0,0,0,0,0.39006408622456595,Medium
668,236,2,0,978,1,2024-10-29,Bangalore,0,1,1,1,0.34349005421367335,Medium
669,277,1,2,4789,4,2024-10-30,Chennai,1,0,0,0,0.8064706313646969,High
670,126,3,3,1785,4,2024-10-31,Delhi,0,0,0,0,0.7790509191761062,High
671,221,3,0,1692,3,2024-11-01,Mumbai,3,0,0,0,0.1707123787139293,Low
672,293,3,0,860,2,2024-11-02,Hyderabad,1,0,0,0,0.3161816146526127,Medium
673,104,2,0,1548,3,2024-11-03,Delhi,3,0,0,0,0.08493524380196887,Low
674,128,1,0,1499,3,2024-11-04,Delhi,0,0,0,0,0.3149111016038272,Medium
675,264,0,3,4140,1,2024-11-05,Chennai,3,0,0,0,0.19922040189436133,Low
676,265,0,0,2186,1,2024-11-06,Mumbai,2,0,0,0,0.07055199756035897,Low
677,182,3,2,2244,1,2024-11-07,Bangalore,0,0,0,0,0.7874426861059307,High
678,235,2,3,3716,2,2024-11-08,Hyderabad,2,1,1,1,0.6140771545577037,High
679,208,2,1,1258,1,2024-11-09,Mumbai,3,0,0,0,0.06824031390604464,Low
680,164,2,1,1176,1,2024-11-10,Hyderabad,2,0,0,0,0.12930600813645649,Low
681,185,0,2,4777,2,2024-11-11,Delhi,0,1,1,1,0.7991453902057328,High
682,244,3,2,927,2,2024-11-12,Chennai,2,0,0,0,0.225077644525917,Low
683,170,1,3,2727,4,2024-11-13,Chennai,3,0,0,0,0.15996626595592772,Low
684,144,0,1,3336,1,2024-11-14,Bangalore,3,0,0,0,0.09153570787855934,Low
685,231,3,1,542,1,2024-11-15,Chennai,3,0,0,0,0.07498527562158956,Low
686,135,3,1,1647,1,2024-11-16,Delhi,0,0,0,0,0.6682024301523974,High
687,169,1,1,2579,4,2024-11-17,Bangalore,3,0,0,0,0.11586397062661066,Low
688,258,1,1,3859,1,2024-11-18,Mumbai,0,0,0,0,0.7553531004977517,High
689,118,1,0,726,4,2024-11-19,Chennai,2,0,0,0,0.05297384631082508,Low
690,288,2,2,2096,3,2024-11-20,Bangalore,3,0,0,0,0.1570774389823434,Low
691,207,1,0,4954,4,2024-11-21,Delhi,2,0,0,0,0.630245955037844,High
692,281,3,1,2273,3,2024-11-22,Hyderabad,1,0,0,0,0.6370056564716247,High
693,266,1,3,605,1,2024-11-23,Hyderabad,2,0,0,0,0.05761716656815669,Low
694,190,3,3,1773,3,2024-11-24,Delhi,1,0,0,0,0.6016713451209477,High
695,189,0,1,4800,4,2024-11-25,Delhi,2,0,0,0,0.4639942687737746,Medium
696,118,2,1,3940,2,2024-11-26,Hyderabad,0,1,1,1,0.87410919385313,High
697,138,0,3,4474,3,2024-11-27,Bangalore,2,0,0,0,0.44560881403194763,Medium
698,225,0,0,4427,3,2024-11-28,Hyderabad,0,0,0,0,0.712758194731114,High
699,294,3,0,2046,1,2024-11-29,Delhi,0,0,0,0,0.7100150429566504,High
700,272,0,1,1678,4,2024-11-30,Chennai,3,0,0,0,0.03105427503712434,Low
701,240,3,0,2595,3,2024-12-01,Mumbai,0,0,0,0,0.8128678588533357,High
702,225,1,3,971,3,2024-12-02,Chennai,1,0,0,0,0.168543407035627,Low
703,157,1,0,778,3,2024-12-03,Chennai,3,0,0,0,0.02461400085853374,Low
704,247,3,1,3101,3,2024-12-04,Delhi,3,0,0,0,0.42192711526079124,Medium
705,299,1,3,393,2,2024-12-05,Hyderabad,2,0,0,0,0.05209915598630395,Low
706,160,2,0,2207,4,2024-12-06,Bangalore,0,1,1,1,0.6317808446135691,High
707,226,0,2,1385,1,2024-12-07,Chennai,0,0,0,0,0.1938708553347504,Low
708,204,2,3,2594,1,2024-12-08,Hyderabad,1,0,0,0,0.5661443258260083,Medium
709,266,0,3,3198,2,2024-12-09,Bangalore,2,0,0,0,0.2117471799130956,Low
710,100,1,2,1992,4,2024-12-10,Chennai,2,0,0,0,0.16710058538588704,Low
711,230,2,2,1310,3,2024-12-11,Bangalore,3,0,0,0,0.0898611606661065,Low
712,191,1,3,4205,2,2024-12-12,Hyderabad,3,0,0,0,0.3557902130295436,Medium
713,289,0,2,2461,4,2024-12-13,Mumbai,3,0,0,0,0.06412510031129282,Low
714,290,3,1,3936,3,2024-12-14,Hyderabad,1,0,0,0,0.8706053835033591,High
715,212,3,1,3993,2,2024-12-15,Delhi,1,0,0,0,0.8684783306358845,High
716,252,2,1,2136,4,2024-12-16,Bangalore,3,0,0,0,0.15315705864513587,Low
717,155,1,3,4557,1,2024-12-17,Mumbai,2,0,0,0,0.598486741186811,Medium
718,260,1,2,929,1,2024-12-18,Bangalore,1,0,0,0,0.13163119302218032,Low
719,265,2,2,4578,4,2024-12-19,Bangalore,2,1,1,1,0.7619990836430625,High
720,216,3,0,3651,1,2024-12-20,Chennai,2,0,0,0,0.6561356710098638,High
721,233,0,0,4657,4,2024-12-21,Delhi,0,0,0,0,0.7612425762546595,High
722,157,2,2,4736,3,2024-12-22,Bangalore,3,1,1,1,0.6114339573955075,High
723,143,0,2,2340,4,2024-12-23,Hyderabad,0,0,0,0,0.3872617294475026,Medium
724,272,3,2,1844,3,2024-12-24,Hyderabad,3,0,0,0,0.2308284281138873,Low
725,259,1,3,3000,2,2024-12-25,Chennai,3,0,0,0,0.17257486864796612,Low
726,272,3,2,341,4,2024-12-26,Delhi,2,0,0,0,0.17075926922742896,Low
727,160,2,0,1655,2,2024-12-27,Delhi,3,0,0,0,0.08663355811353081,Low
728,146,1,3,4996,1,2024-12-28,Hyderabad,2,0,0,0,0.6800356572606846,High
729,248,2,2,2296,3,2024-12-29,Mumbai,2,0,0,0,0.32184384163857976,Medium
730,179,2,0,1525,4,2024-12-30,Chennai,3,0,0,0,0.08859773702931573,Low
731,217,3,3,1413,2,2024-12-31,Chennai,2,0,0,0,0.3281624671079806,Medium
732,263,2,2,1359,3,2025-01-01,Hyderabad,2,0,0,0,0.18204775973984316,Low
733,246,3,2,4850,3,2025-01-02,Hyderabad,2,0,0,0,0.880672740186057,High
734,119,1,2,4699,1,2025-01-03,Mumbai,1,0,0,0,0.7613438977109733,High
735,284,3,3,4897,1,2025-01-04,Mumbai,2,0,0,0,0.8843438627638144,High
736,245,1,0,540,3,2025-01-05,Delhi,1,0,0,0,0.08903631086956913,Low
737,146,3,0,4028,3,2025-01-06,Chennai,1,0,0,0,0.8645510068682017,High
738,148,0,1,2168,4,2025-01-07,Chennai,2,0,0,0,0.09352899672882942,Low
739,113,0,2,903,3,2025-01-08,Hyderabad,2,0,0,0,0.03800324967018728,Low
740,242,2,1,4613,4,2025-01-09,Delhi,1,1,1,1,0.862723602287121,High
741,258,3,1,2629,3,2025-01-10,Chennai,1,0,0,0,0.7005855653827509,High
742,100,3,0,2000,1,2025-01-11,Delhi,2,0,0,0,0.3344530396996973,Medium
743,216,1,3,4848,4,2025-01-12,Delhi,2,0,0,0,0.6960960343017072,High
744,153,2,3,1055,2,2025-01-13,Hyderabad,3,0,0,0,0.07877087260997122,Low
745,217,3,0,2012,1,2025-01-14,Delhi,1,0,0,0,0.5236779498468025,Medium
746,102,2,3,3066,4,2025-01-15,Mumbai,1,1,1,1,0.6988908708012556,High
747,243,0,1,3842,4,2025-01-16,Mumbai,3,0,0,0,0.1555569947279676,Low
748,284,3,2,382,2,2025-01-17,Bangalore,1,0,0,0,0.2883207090478008,Low
749,111,3,0,3312,4,2025-01-18,Hyderabad,0,1,1,1,0.8921605074913466,High
750,173,2,2,4692,3,2025-01-19,Bangalore,1,1,1,1,0.8769847588878641,High
751,115,3,3,1717,2,2025-01-20,Mumbai,3,0,0,0,0.22373492736168243,Low
752,299,2,2,1556,1,2025-01-21,Bangalore,0,1,1,1,0.5183502403594756,Medium
753,201,3,3,2374,1,2025-01-22,Hyderabad,2,0,0,0,0.4988241282777903,Medium
754,251,1,3,3829,3,2025-01-23,Hyderabad,3,0,0,0,0.3030686356048026,Medium
755,255,2,1,3828,1,2025-01-24,Delhi,3,1,1,1,0.36885570027061065,Medium
756,216,3,3,4296,4,2025-01-25,Chennai,2,0,0,0,0.8510650534836188,High
757,107,0,1,3439,4,2025-01-26,Delhi,3,0,0,0,0.11739390593829459,Low
758,221,3,1,3891,3,2025-01-27,Hyderabad,1,0,0,0,0.8664531745733576,High
759,191,0,1,218,1,2025-01-28,Mumbai,2,0,0,0,0.01726602430632313,Low
760,263,0,0,3603,1,2025-01-29,Mumbai,3,0,0,0,0.09918532839459482,Low
761,189,1,0,4879,3,2025-01-30,Delhi,2,0,0,0,0.6005715378701068,High
762,235,2,3,4751,2,2025-01-31,Hyderabad,2,1,1,1,0.7859871249752702,High
763,285,3,1,3204,1,2025-02-01,Mumbai,2,0,0,0,0.6015526890611145,High
764,159,1,0,1332,2,2025-02-02,Hyderabad,0,0,0,0,0.273481137576099,Low
765,277,3,1,3539,1,2025-02-03,Mumbai,3,0,0,0,0.47738213560780135,Medium
766,127,0,2,3511,1,2025-02-04,Hyderabad,0,1,1,1,0.5727417207576777,Medium
767,200,2,2,3572,1,2025-02-05,Bangalore,3,1,1,1,0.3504739627949808,Medium
768,140,3,2,1187,1,2025-02-06,Hyderabad,1,0,0,0,0.4212073718679383,Medium
769,291,3,3,3521,4,2025-02-07,Hyderabad,1,0,0,0,0.8687408287390849,High
770,254,0,1,4815,2,2025-02-08,Delhi,1,0,0,0,0.6251387287689041,High
771,290,3,2,373,2,2025-02-09,Bangalore,3,0,0,0,0.07891196717620308,Low
772,244,3,0,3941,1,2025-02-10,Chennai,2,0,0,0,0.7069216661114781,High
773,260,0,2,3252,1,2025-02-11,Delhi,2,0,0,0,0.18806132563090727,Low
774,256,1,2,926,2,2025-02-12,Chennai,0,0,0,0,0.25902844929750996,Low
775,240,0,2,3960,4,2025-02-13,Mumbai,0,0,0,0,0.700639252415236,High
776,145,1,3,2075,3,2025-02-14,Chennai,1,0,0,0,0.3309695411445171,Medium
777,134,2,0,4233,3,2025-02-15,Hyderabad,0,1,1,1,0.892096184879436,High
778,233,1,1,1189,2,2025-02-16,Chennai,3,0,0,0,0.03608474385219095,Low
779,181,1,0,3944,1,2025-02-17,Delhi,3,0,0,0,0.2225984090181878,Low
780,214,2,1,2886,1,2025-02-18,Delhi,0,1,1,1,0.735206255712614,High
781,296,1,3,619,4,2025-02-19,Chennai,0,0,0,0,0.26068001012970327,Low
782,146,0,3,793,3,2025-02-20,Delhi,0,0,0,0,0.16154415176610376,Low
783,252,1,3,1974,4,2025-02-21,Delhi,0,0,0,0,0.5131438622057347,Medium
784,293,2,3,2659,3,2025-02-22,Chennai,1,0,0,0,0.6102339123705439,High
785,109,0,1,1135,2,2025-02-23,Bangalore,1,0,0,0,0.07852748974376306,Low
786,155,2,2,4008,3,2025-02-24,Bangalore,0,1,1,1,0.8988592972270408,High
787,129,2,1,531,4,2025-02-25,Mumbai,3,0,0,0,0.047105691141246096,Low
788,208,3,0,3649,4,2025-02-26,Delhi,1,0,0,0,0.8337091572539482,High
789,104,3,3,2902,4,2025-02-27,Chennai,3,0,0,0,0.46088983545761936,Medium
790,218,2,3,4206,2,2025-02-28,Delhi,2,1,1,1,0.702758825544565,High
791,132,2,0,4068,3,2025-03-01,Hyderabad,3,1,1,1,0.4156632266816248,Medium
792,217,2,1,4400,3,2025-03-02,Delhi,0,1,1,1,0.9148501711847858,High
793,164,3,2,401,4,2025-03-03,Delhi,2,0,0,0,0.17773522127416633,Low
794,245,3,2,2697,3,2025-03-04,Bangalore,1,0,0,0,0.7373221453193584,High
795,276,1,0,2042,1,2025-03-05,Chennai,1,0,0,0,0.22421542600119554,Low
796,110,1,2,2066,1,2025-03-06,Delhi,2,0,0,0,0.14919113371149392,Low
797,184,2,1,2196,1,2025-03-07,Bangalore,3,0,0,0,0.1351690854610364,Low
798,125,0,1,1109,3,2025-03-08,Mumbai,1,0,0,0,0.08175622567829212,Low
799,162,0,0,4505,2,2025-03-09,Bangalore,0,0,0,0,0.71239359737971,High
800,185,3,1,4858,2,2025-03-10,Bangalore,2,0,0,0,0.8597736406970224,High
801,158,3,3,3389,2,2025-03-11,Bangalore,0,0,0,0,0.9188456495781618,High
802,126,3,0,970,2,2025-03-12,Delhi,2,0,0,0,0.18912919820850313,Low
803,276,2,1,3355,1,2025-03-13,Delhi,1,1,1,1,0.6518130073408268,High
804,260,0,0,2701,1,2025-03-14,Mumbai,3,0,0,0,0.050438361004988955,Low
805,197,1,2,2914,4,2025-03-15,Hyderabad,2,0,0,0,0.2970855118469878,Low
806,204,2,1,4924,3,2025-03-16,Hyderabad,2,1,1,1,0.7775448468723966,High
807,198,1,3,3785,3,2025-03-17,Hyderabad,0,1,1,1,0.8101996086353593,High
808,228,1,1,1828,2,2025-03-18,Mumbai,1,0,0,0,0.227525174351273,Low
809,248,2,0,586,1,2025-03-19,Hyderabad,0,1,1,1,0.27596431102611363,Low
810,154,1,0,3621,2,2025-03-20,Hyderabad,1,0,0,0,0.524878073487652,Medium
811,105,0,1,4208,4,2025-03-21,Bangalore,0,0,0,0,0.7157966635511706,High
812,296,1,3,4293,3,2025-03-22,Delhi,2,0,0,0,0.5782138646752865,Medium
813,194,0,3,4563,3,2025-03-23,Delhi,0,0,0,0,0.8021665292901587,High
814,232,0,3,2666,2,2025-03-24,Bangalore,3,0,0,0,0.07463683103479697,Low
815,201,0,0,2482,4,2025-03-25,Bangalore,1,0,0,0,0.20239530792236515,Low
816,102,3,1,2056,3,2025-03-26,Bangalore,1,0,0,0,0.5955664915126101,Medium
817,280,1,2,2198,4,2025-03-27,Delhi,2,0,0,0,0.19156999396836066,Low
818,122,2,0,1436,4,2025-03-28,Hyderabad,1,0,0,0,0.2980906506860879,Low
819,152,2,3,4869,2,2025-03-29,Bangalore,3,1,1,1,0.6509156651453948,High
820,264,1,1,4344,1,2025-03-30,Mumbai,0,1,1,1,0.8204376636045296,High
821,182,3,3,1350,2,2025-03-31,Bangalore,2,0,0,0,0.31703740630077354,Medium
822,244,3,2,4518,1,2025-04-01,Chennai,3,0,0,0,0.6958657744800332,High
823,184,0,3,1631,4,2025-04-02,Bangalore,1,0,0,0,0.15736735850644132,Low
824,177,1,3,2019,1,2025-04-03,Delhi,1,0,0,0,0.29344963475829067,Low
825,209,1,2,2524,4,2025-04-04,Bangalore,3,0,0,0,0.12459848761601088,Low
826,100,2,1,1330,3,2025-04-05,Chennai,0,1,1,1,0.4733675574257136,Medium
827,150,1,0,2858,3,2025-04-06,Mumbai,0,0,0,0,0.579567714833224,Medium
828,272,3,1,3700,3,2025-04-07,Hyderabad,2,0,0,0,0.7195850142903865,High
829,103,1,2,574,2,2025-04-08,Bangalore,1,0,0,0,0.10825543985087684,Low
830,289,2,3,2320,2,2025-04-09,Chennai,3,0,0,0,0.19203004782060895,Low
831,292,0,1,4220,4,2025-04-10,Chennai,0,0,0,0,0.7177653358374597,High
832,212,2,0,2221,3,2025-04-11,Mumbai,2,0,0,0,0.2573033080397766,Low
833,131,2,2,3905,2,2025-04-12,Delhi,1,1,1,1,0.7796045292009749,High
834,133,0,1,3459,3,2025-04-13,Bangalore,1,0,0,0,0.3729456505746471,Medium
835,191,2,0,3635,2,2025-04-14,Chennai,2,1,1,1,0.5044643411493039,Medium
836,194,2,2,2089,1,2025-04-15,Mumbai,2,0,0,0,0.26072091913220274,Low
837,171,1,0,2023,1,2025-04-16,Hyderabad,0,0,0,0,0.3814438365329685,Medium
838,138,1,2,1674,3,2025-04-17,Chennai,3,0,0,0,0.06289569478231719,Low
839,253,0,3,2442,4,2025-04-18,Mumbai,1,0,0,0,0.2645310724036875,Low
840,261,1,1,3443,2,2025-04-19,Delhi,3,0,0,0,0.18791826603783832,Low
841,281,1,0,3334,2,2025-04-20,Delhi,1,0,0,0,0.46696305431604146,Medium
842,217,2,2,2270,1,2025-04-21,Chennai,1,0,0,0,0.4693498584931533,Medium
843,102,3,0,559,1,2025-04-22,Chennai,3,0,0,0,0.06749411976391627,Low
844,222,1,0,2241,4,2025-04-23,Bangalore,2,0,0,0,0.15986917316837754,Low
845,149,3,1,1341,4,2025-04-24,Mumbai,0,0,0,0,0.6563838984341697,High
846,111,1,3,1835,4,2025-04-25,Chennai,1,0,0,0,0.30302353557003436,Medium
847,292,1,0,4200,3,2025-04-26,Bangalore,2,0,0,0,0.4648387585071084,Medium
848,153,0,2,2143,1,2025-04-27,Bangalore,1,0,0,0,0.16999225724135011,Low
849,232,0,2,4974,3,2025-04-28,Chennai,0,0,0,0,0.8327131525373531,High
850,156,0,3,3561,1,2025-04-29,Delhi,1,0,0,0,0.4224584268070161,Medium
851,244,3,2,3180,1,2025-04-30,Mumbai,0,0,0,0,0.8875538293607962,High
852,211,2,3,206,2,2025-05-01,Mumbai,0,1,1,1,0.3045593014938127,Medium
853,146,1,2,3467,1,2025-05-02,Delhi,1,0,0,0,0.5410170078340663,Medium
854,250,1,1,1791,1,2025-05-03,Chennai,1,0,0,0,0.21130878659195465,Low
855,184,1,0,3464,3,2025-05-04,Mumbai,0,1,1,1,0.6922649777024507,High
856,241,3,1,2806,1,2025-05-05,Chennai,2,0,0,0,0.5225598195830118,Medium
857,165,0,0,3419,3,2025-05-06,Chennai,3,0,0,0,0.09749466556016578,Low
858,174,2,0,3473,4,2025-05-07,Bangalore,0,1,1,1,0.8267783848768198,High
859,278,3,0,1113,1,2025-05-08,Delhi,1,0,0,0,0.3471179419438777,Medium
860,202,0,1,2211,1,2025-05-09,Chennai,1,0,0,0,0.16005965572122374,Low
861,265,3,0,1642,3,2025-05-10,Hyderabad,2,0,0,0,0.29989541363681477,Low
862,291,2,1,3254,4,2025-05-11,Delhi,3,1,1,1,0.30862511408184123,Medium
863,137,0,3,3746,2,2025-05-12,Mumbai,0,1,1,1,0.6625834773987234,High
864,149,3,2,4421,4,2025-05-13,Bangalore,0,1,1,1,0.9631493825740449,High
865,197,2,2,3128,3,2025-05-14,Mumbai,3,1,1,1,0.30024332191248526,Medium
866,181,1,0,2029,4,2025-05-15,Mumbai,0,0,0,0,0.42944125837312075,Medium
867,129,2,1,775,3,2025-05-16,Delhi,3,0,0,0,0.053416490077876654,Low
868,178,1,2,1129,3,2025-05-17,Mumbai,1,0,0,0,0.16863173026597378,Low
869,190,3,1,3959,2,2025-05-18,Chennai,3,0,0,0,0.5777878435137321,Medium
870,278,0,1,3899,1,2025-05-19,Mumbai,0,0,0,0,0.6176410557759987,High
871,290,0,0,1663,3,2025-05-20,Bangalore,3,0,0,0,0.02546974299985794,Low
872,151,3,2,3475,3,2025-05-21,Bangalore,2,0,0,0,0.7084005998328424,High
873,265,0,0,1254,2,2025-05-22,Hyderabad,1,0,0,0,0.07632135962633668,Low
874,178,0,0,2100,3,2025-05-23,Bangalore,1,0,0,0,0.14868993787875015,Low
875,129,1,2,1657,1,2025-05-24,Mumbai,3,0,0,0,0.05495671845770434,Low
876,205,3,2,1599,2,2025-05-25,Bangalore,0,0,0,0,0.7012266237254109,High
877,150,2,3,3615,1,2025-05-26,Delhi,2,1,1,1,0.5788481063985207,Medium
878,180,1,3,642,1,2025-05-27,Bangalore,1,0,0,0,0.12009908220125953,Low
879,232,3,1,3850,2,2025-05-28,Chennai,1,0,0,0,0.8547071472657213,High
880,128,1,2,4852,3,2025-05-29,Delhi,0,1,1,1,0.8990337049302802,High
881,231,2,3,1378,1,2025-05-30,Hyderabad,0,1,1,1,0.5141564860304285,Medium
882,237,2,1,4658,1,2025-05-31,Chennai,2,1,1,1,0.7123493932498726,High
883,283,3,1,1457,1,2025-06-01,Mumbai,3,0,0,0,0.14516057193960544,Low
884,244,2,1,3834,1,2025-06-02,Mumbai,0,1,1,1,0.8565975437311611,High
885,173,1,3,2041,2,2025-06-03,Mumbai,3,0,0,0,0.08766454338699628,Low
886,116,2,2,2509,2,2025-06-04,Chennai,2,0,0,0,0.34570039403572456,Medium
887,183,1,0,1110,4,2025-06-05,Chennai,3,0,0,0,0.034013189552430614,Low
888,168,1,1,4540,4,2025-06-06,Chennai,1,0,0,0,0.7500645986230454,High
889,133,2,3,4837,1,2025-06-07,Delhi,3,1,1,1,0.6300406922459535,High
890,105,3,3,4209,3,2025-06-08,Delhi,2,0,0,0,0.8331135491808197,High
891,152,0,0,2369,1,2025-06-09,Mumbai,2,0,0,0,0.08088730002644054,Low
892,293,2,0,2372,3,2025-06-10,Bangalore,2,0,0,0,0.28130378733250505,Low
893,225,1,3,323,1,2025-06-11,Mumbai,3,0,0,0,0.021973850574257877,Low
894,142,1,2,3358,4,2025-06-12,Hyderabad,1,0,0,0,0.5672880872868251,Medium
895,214,2,0,985,4,2025-06-13,Delhi,0,1,1,1,0.3899129023016853,Medium
896,210,3,3,2616,3,2025-06-14,Chennai,1,0,0,0,0.7490764752558122,High
897,250,3,0,996,1,2025-06-15,Delhi,3,0,0,0,0.09341105938558954,Low
898,282,1,2,4372,3,2025-06-16,Chennai,3,0,0,0,0.37262661117744506,Medium
899,179,1,1,4354,4,2025-06-17,Hyderabad,0,0,0,0,0.8483658503195487,High
900,194,3,0,2136,1,2025-06-18,Hyderabad,3,0,0,0,0.20564093749092183,Low
901,217,0,2,2356,1,2025-06-19,Delhi,2,0,0,0,0.10094695343009694,Low
902,243,2,3,4007,3,2025-06-20,Chennai,2,1,1,1,0.6823224747377377,High
903,107,1,0,1501,2,2025-06-21,Hyderabad,2,0,0,0,0.08418078409686185,Low
904,231,1,0,4363,3,2025-06-22,Mumbai,2,0,0,0,0.4977121977846723,Medium
905,203,3,3,3340,4,2025-06-23,Mumbai,2,0,0,0,0.7251993402292554,High
906,231,2,1,3436,4,2025-06-24,Chennai,3,1,1,1,0.34085776428631587,Medium
907,283,3,3,2552,4,2025-06-25,Delhi,0,0,0,0,0.8676093711390337,High
908,124,2,0,2132,4,2025-06-26,Hyderabad,0,1,1,1,0.617571714310282,High
909,294,2,3,2921,4,2025-06-27,Delhi,2,0,0,0,0.4879134314099371,Medium
910,195,2,2,564,2,2025-06-28,Mumbai,3,0,0,0,0.04819908500267715,Low
911,294,1,3,2590,1,2025-06-29,Hyderabad,1,0,0,0,0.3971767574178615,Medium
912,254,0,0,1146,3,2025-06-30,Delhi,1,0,0,0,0.0747527286247046,Low
913,192,3,3,1577,3,2025-07-01,Bangalore,3,0,0,0,0.21545424083194548,Low
914,259,0,1,1639,4,2025-07-02,Chennai,2,0,0,0,0.06304469521724365,Low
915,277,3,3,3380,3,2025-07-03,Chennai,0,0,0,0,0.9230343208284847,High
916,160,2,1,540,4,2025-07-04,Bangalore,3,0,0,0,0.047433240137488966,Low
917,221,1,2,3189,2,2025-07-05,Mumbai,1,0,0,0,0.5011476108663808,Medium
918,150,0,1,582,2,2025-07-06,Hyderabad,1,0,0,0,0.051689682265048525,Low
919,246,1,3,1756,1,2025-07-07,Chennai,1,0,0,0,0.25138704720027844,Low
920,120,3,0,499,2,2025-07-08,Bangalore,2,0,0,0,0.13748821770490954,Low
921,104,1,1,338,2,2025-07-09,Bangalore,1,0,0,0,0.08117698906294951,Low
922,191,1,2,558,1,2025-07-10,Mumbai,3,0,0,0,0.02336607651970097,Low
923,269,0,1,1722,3,2025-07-11,Mumbai,3,0,0,0,0.030185916431329805,Low
924,160,2,1,3656,4,2025-07-12,Delhi,1,1,1,1,0.7435898855764403,High
925,121,1,1,1827,4,2025-07-13,Chennai,3,0,0,0,0.0666134676977958,Low
926,248,2,2,1503,3,2025-07-14,Delhi,1,0,0,0,0.35138303165897067,Medium
927,169,3,3,1334,1,2025-07-15,Bangalore,1,0,0,0,0.48201588070631113,Medium
928,100,1,1,2386,3,2025-07-16,Hyderabad,0,0,0,0,0.5166473759573017,Medium
929,232,0,1,3370,2,2025-07-17,Hyderabad,2,0,0,0,0.1931707998354493,Low
930,111,3,0,4035,1,2025-07-18,Mumbai,2,0,0,0,0.7224094214368756,High
931,189,3,2,2351,1,2025-07-19,Hyderabad,0,0,0,0,0.8015562575953881,High
932,145,0,1,1437,1,2025-07-20,Hyderabad,0,0,0,0,0.18092633953947104,Low
933,133,1,2,3935,4,2025-07-21,Hyderabad,2,0,0,0,0.49097397670703496,Medium
934,276,1,1,3034,3,2025-07-22,Bangalore,1,0,0,0,0.4543992421099079,Medium
935,177,3,3,4460,1,2025-07-23,Hyderabad,1,0,0,0,0.9208729076743507,High
936,144,1,3,1198,1,2025-07-24,Hyderabad,2,0,0,0,0.08985831059911413,Low
937,254,2,1,2767,1,2025-07-25,Hyderabad,1,0,0,0,0.5378857139977117,Medium
938,172,0,3,1507,3,2025-07-26,Delhi,0,0,0,0,0.25544605048830804,Low
939,125,2,1,856,4,2025-07-27,Bangalore,1,0,0,0,0.2318186771846819,Low
940,146,1,3,2860,2,2025-07-28,Mumbai,1,0,0,0,0.46649254662418616,Medium
941,220,3,0,2411,4,2025-07-29,Delhi,3,0,0,0,0.28196769210794864,Low
942,155,0,0,2109,1,2025-07-30,Chennai,3,0,0,0,0.031871113823526545,Low
943,193,1,0,3930,4,2025-07-31,Bangalore,3,0,0,0,0.25588693725630235,Low
944,206,1,2,2246,4,2025-08-01,Bangalore,1,0,0,0,0.3479976283223459,Medium
945,162,3,2,3362,2,2025-08-02,Chennai,2,0,0,0,0.675133167794464,High
946,147,3,0,1340,3,2025-08-03,Chennai,0,0,0,0,0.611718694548405,High
947,160,2,2,466,3,2025-08-04,Chennai,1,0,0,0,0.18984727225210787,Low
948,180,0,3,2045,4,2025-08-05,Mumbai,2,0,0,0,0.10749598821518744,Low
949,125,0,1,1908,4,2025-08-06,Hyderabad,1,0,0,0,0.15339665420738913,Low
950,135,3,1,3830,3,2025-08-07,Bangalore,0,0,0,0,0.9304652019310702,High
951,100,2,1,3411,3,2025-08-08,Hyderabad,1,1,1,1,0.6903814638038257,High
952,107,0,0,2493,2,2025-08-09,Hyderabad,0,0,0,0,0.3276280614086413,Medium
953,212,3,2,3932,1,2025-08-10,Chennai,1,0,0,0,0.8699498370811996,High
954,198,1,3,4029,4,2025-08-11,Mumbai,0,0,0,0,0.8472648245534249,High
955,279,0,3,1710,3,2025-08-12,Delhi,1,0,0,0,0.15723850819172538,Low
956,146,2,0,675,4,2025-08-13,Mumbai,0,1,1,1,0.33221129596319837,Medium
957,226,2,3,1176,4,2025-08-14,Hyderabad,3,0,0,0,0.09693521694926176,Low
958,155,2,3,1407,3,2025-08-15,Mumbai,1,0,0,0,0.3627400607710816,Medium
959,113,1,3,2160,2,2025-08-16,Chennai,1,0,0,0,0.33182853635376763,Medium
960,127,0,3,757,4,2025-08-17,Delhi,2,0,0,0,0.04079845112153719,Low
961,177,0,2,1082,2,2025-08-18,Chennai,2,0,0,0,0.041032301717758436,Low
962,229,1,3,2394,3,2025-08-19,Delhi,0,0,0,0,0.5810755125661774,Medium
963,208,0,1,4961,1,2025-08-20,Hyderabad,1,0,0,0,0.637514070090575,High
964,253,1,0,2867,1,2025-08-21,Delhi,0,0,0,0,0.5494980225786337,Medium
965,113,1,2,4877,4,2025-08-22,Delhi,3,0,0,0,0.48799197175806397,Medium
966,286,1,3,4990,3,2025-08-23,Delhi,2,0,0,0,0.7065561669018823,High
967,155,2,2,1810,2,2025-08-24,Mumbai,0,1,1,1,0.5850441954320538,Medium
968,214,0,3,3688,4,2025-08-25,Mumbai,0,1,1,1,0.6808294203282411,High
969,106,1,1,2654,3,2025-08-26,Hyderabad,2,0,0,0,0.22042336955195602,Low
970,102,0,0,4694,3,2025-08-27,Delhi,1,0,0,0,0.5869552073451308,Medium
971,210,2,3,2146,2,2025-08-28,Bangalore,0,1,1,1,0.6774559018756187,High
972,250,1,3,4999,4,2025-08-29,Hyderabad,2,0,0,0,0.7212769348393985,High
973,206,3,3,3008,3,2025-08-30,Delhi,1,0,0,0,0.8038420070992593,High
974,117,2,3,4025,3,2025-08-31,Delhi,3,1,1,1,0.5014535616968493,Medium
975,137,3,0,3736,3,2025-09-01,Mumbai,2,0,0,0,0.699399838303299,High
976,214,0,0,4002,2,2025-09-02,Hyderabad,0,1,1,1,0.622587421222159,High
977,114,0,1,4377,4,2025-09-03,Delhi,3,0,0,0,0.22109233190763436,Low
978,291,2,0,4899,4,2025-09-04,Delhi,1,1,1,1,0.8745902984413805,High
979,218,0,3,2170,4,2025-09-05,Hyderabad,1,0,0,0,0.22402499841552362,Low
980,127,3,1,4022,4,2025-09-06,Bangalore,2,0,0,0,0.7803039940686329,High
981,138,1,1,3019,1,2025-09-07,Hyderabad,2,0,0,0,0.2501409472739288,Low
982,284,1,1,1102,1,2025-09-08,Hyderabad,2,0,0,0,0.06617056386730183,Low
983,116,1,3,564,4,2025-09-09,Bangalore,1,0,0,0,0.13469343999250544,Low
984,185,2,2,4458,2,2025-09-10,Hyderabad,3,1,1,1,0.5408753484072713,Medium
985,225,0,3,3319,1,2025-09-11,Delhi,1,0,0,0,0.375601890333504,Medium
986,143,3,0,2758,3,2025-09-12,Hyderabad,0,0,0,0,0.8320854305797554,High
987,124,0,0,2063,1,2025-09-13,Bangalore,1,0,0,0,0.1296063426653287,Low
988,244,0,3,315,3,2025-09-14,Chennai,0,0,0,0,0.11577400636158566,Low
989,112,0,3,2584,4,2025-09-15,Hyderabad,3,0,0,0,0.07913269914594141,Low
990,124,1,1,4135,1,2025-09-16,Mumbai,2,0,0,0,0.45116108273474825,Medium
991,167,3,3,2690,2,2025-09-17,Delhi,2,0,0,0,0.5782228825471737,Medium
992,237,3,1,1142,1,2025-09-18,Delhi,1,0,0,0,0.38195923701473933,Medium
993,166,0,0,1924,1,2025-09-19,Mumbai,2,0,0,0,0.05786844931257751,Low
994,208,1,1,2534,1,2025-09-20,Mumbai,3,0,0,0,0.09423360100091824,Low
995,245,1,3,2967,4,2025-09-21,Hyderabad,2,0,0,0,0.3337375861287797,Medium
996,210,3,0,1337,2,2025-09-22,Mumbai,1,0,0,0,0.4047059945657301,Medium
997,210,1,2,2727,1,2025-09-23,Chennai,3,0,0,0,0.12132108788634552,Low
998,133,1,1,4317,2,2025-09-24,Bangalore,0,1,1,1,0.8266846623675113,High
999,210,1,0,3620,4,2025-09-25,Mumbai,1,0,0,0,0.55685700857747,Medium
1000,107,2,1,4978,3,2025-09-26,Mumbai,0,1,1,1,0.9448750733745018,High
